id_cliente,nome,email,telefone,cidade,estado
1,Brenda Alves,samuel32@example.net,+55 46 8196-0013,Montenegro,Rio Grande do Norte
2,Gael Henrique Silva,ccamara@example.net,15 0265-4235,Borges,Minas Gerais
3,Luiz Henrique Ferreira,caio78@example.org,49 1849-5931,Ribeiro,Espírito Santo
4,Bruno da Conceição,garciaagatha@example.com,46 2553-4192,Castro,Paraíba
5,Júlia Porto,ayllavargas@example.org,+55 91 0564-1395,Rezende,Paraná
6,Natália Casa Grande,joao-lucas38@example.net,11 9696-5328,Borges de Sá,Alagoas
7,Eduardo Pires,laviniapeixoto@example.org,53 6978-4801,Vargas Alegre,Amazonas
8,Pedro Henrique Castro,uabreu@example.net,11 8281-4893,Freitas,São Paulo
9,Vitor Hugo Vasconcelos,peixotoayla@example.com,+55 15 1543-0391,Siqueira,Paraná
10,Vitor Vargas,jose-miguelribeiro@example.com,+55 69 4896-3834,Rios da Praia,Paraíba
11,Milena Campos,raelazevedo@example.com,+55 16 9839-3010,Azevedo,Alagoas
12,Sr. Théo da Costa,maria-vitoria38@example.org,86 3763-1165,Jesus dos Dourados,Santa Catarina
13,Carlos Eduardo Araújo,vsiqueira@example.org,+55 96 3387-2624,da Cruz de Barbosa,Paraíba
14,Beatriz Aragão,borgesrenan@example.org,64 7736-0260,da Luz dos Dourados,Maranhão
15,Raquel Cassiano,ana-carolinacunha@example.org,+55 32 5009-7882,Moraes,Amapá
16,Bernardo Peixoto,rocharavy@example.com,+55 51 9399-0916,da Luz do Oeste,Rondônia
17,Sra. Isabella da Luz,qcardoso@example.net,21 7510-7991,Nascimento,Distrito Federal
18,Julia Cardoso,davi-miguel35@example.com,+55 67 7849-8084,Carvalho,Goiás
19,Cauê Souza,yagoda-paz@example.net,+55 85 5348-7401,da Mota do Norte,Acre
20,Sr. João Castro,tnovaes@example.com,+55 13 1128-0598,Lopes,Bahia
21,Leandro Fonseca,fogacaotto@example.net,+55 96 1586-9232,Jesus,Acre
22,Lucas Gabriel Viana,vrios@example.org,12 2160-7337,das Neves de Goiás,Espírito Santo
23,Gael Guerra,agatha14@example.com,96 6850-1429,Andrade do Campo,Rio Grande do Norte
24,Manuella Siqueira,luiza98@example.org,53 9340-6088,Fonseca,Pará
25,Lucas Pinto,josue48@example.com,64 5648-2366,Pimenta,Rio de Janeiro
26,Nathan Novaes,da-rosaallana@example.org,71 9957-7738,Vieira de Vieira,Santa Catarina
27,Bryan da Paz,francisco34@example.org,+55 82 2003-7917,Pires Verde,Distrito Federal
28,Dra. Maria Isis Monteiro,jda-cruz@example.net,+55 12 1632-8708,Campos,Paraíba
29,Ravi Rios,luisa98@example.com,77 2774-3487,da Mota,Paraíba
30,João Pedro da Costa,bruna58@example.org,+55 62 2362-3166,Nogueira dos Dourados,Pará
31,Gustavo Leão,lvargas@example.net,+55 16 9670-5466,Mendonça,Espírito Santo
32,Pedro Henrique Mendonça,gomesbarbara@example.net,63 2729-8069,Barros,Rio Grande do Sul
33,Catarina Martins,carlos-eduardoda-luz@example.com,33 3755-6464,Melo,Acre
34,Dra. Ana Júlia Ferreira,davi-miguelvasconcelos@example.net,+55 22 0330-9232,Rios de Camargo,Rio de Janeiro
35,Ravi Lucca Sampaio,emilly29@example.net,+55 49 2419-0496,Silva do Oeste,Amapá
36,Isabelly Caldeira,isaque90@example.com,0800 651 8506,Caldeira de Lopes,Mato Grosso do Sul
37,Natália Santos,luaracavalcanti@example.net,99 4987-7694,da Cruz de Minas,Goiás
38,Isabelly Sá,nnunes@example.net,51 5075-2735,Fernandes Paulista,Rio Grande do Norte
39,Sra. Alexia Moreira,enzo-gabrielda-costa@example.net,64 7837-7701,Câmara das Flores,Roraima
40,Leandro Ribeiro,maria-julia88@example.com,68 8557-4443,Silveira,Distrito Federal
41,Sr. Vitor Gabriel Teixeira,matheuscunha@example.net,88 4989-4134,Fonseca,Ceará
42,Anthony Gabriel Santos,yanaparecida@example.org,18 2710-9477,Fernandes de Cirino,Alagoas
43,Rhavi Camargo,guerramariane@example.org,+55 28 2294-1318,Pereira de Goiás,São Paulo
44,Maria Helena Machado,lda-rosa@example.com,24 9909-1334,Castro,Espírito Santo
45,Yuri Barbosa,andrejesus@example.com,85 4034-4713,Viana Verde,Rondônia
46,Otávio Camargo,kaiqueda-mata@example.org,+55 35 0249-9471,Sales de da Rosa,Roraima
47,Júlia Montenegro,fmacedo@example.net,+55 22 6594-0139,Teixeira,Rondônia
48,Asafe Teixeira,maria-isismoreira@example.net,75 4296-7175,Farias Alegre,Rondônia
49,Enrico Farias,fsales@example.com,62 8071-5451,Moraes do Sul,Rondônia
50,Nicole Jesus,correiarafaela@example.com,93 7034-8247,Campos de Alves,Rio Grande do Sul
51,Isabella Santos,ana-livianovaes@example.org,64 1317-1274,Leão do Amparo,Paraná
52,Rafael Novaes,hadassacorreia@example.net,96 2146-5840,Silveira da Mata,Tocantins
53,Rebeca Cassiano,enascimento@example.com,35 8867-5339,da Conceição das Pedras,Alagoas
54,Dr. Mateus Gomes,mayaandrade@example.org,94 9517-1870,Jesus,Rio Grande do Sul
55,Breno Melo,camila96@example.net,+55 38 5865-7809,da Costa,Rio Grande do Sul
56,Laura da Conceição,lopesgael-henrique@example.net,+55 45 7240-0504,Freitas das Pedras,Bahia
57,Vinícius Jesus,luigicavalcanti@example.org,51 9379-2374,da Cunha de Rios,Acre
58,Laura Rocha,diogomacedo@example.com,21 6474-3671,Garcia,Rio de Janeiro
59,Dr. Juan Almeida,ada-mota@example.net,+55 27 9743-9533,Rocha Grande,Rio Grande do Sul
60,Asafe das Neves,landrade@example.com,+55 55 1456-2328,Moura do Galho,Goiás
61,José Miguel Mendes,camila17@example.org,+55 63 3685-1604,Marques,Mato Grosso do Sul
62,Julia Pacheco,xporto@example.org,+55 92 7098-5931,Sampaio de da Rosa,Rio Grande do Sul
63,Bruna Carvalho,andradeana-julia@example.com,+55 49 1382-6758,Pastor Grande,Pará
64,Beatriz Mendonça,cda-mota@example.net,47 3773-5158,Araújo das Flores,Goiás
65,Davi Marques,ribeirootavio@example.net,+55 16 0532-9318,Pastor,Distrito Federal
66,Lucas Vasconcelos,andreda-mota@example.org,+55 55 8421-0205,Pastor,Mato Grosso
67,Erick da Luz,cardosolaura@example.net,+55 49 1775-8917,Pimenta,Alagoas
68,Dra. Stephany da Rosa,bramos@example.org,87 6617-7115,Azevedo,Bahia
69,Yan Silva,giovanna98@example.com,81 8961-1836,da Conceição de Jesus,Mato Grosso
70,Maria Liz Leão,diasleticia@example.com,+55 98 5271-1116,Souza,Santa Catarina
71,Sr. Bento Pastor,joaquim65@example.net,68 0494-5198,Cassiano,Rondônia
72,Heloisa Caldeira,emilly14@example.net,+55 89 6899-8094,Cirino,Goiás
73,Sra. Maitê Ferreira,cirinojoao-pedro@example.net,62 1201-8366,Fernandes de Castro,Mato Grosso do Sul
74,Luan Vasconcelos,aragaoleonardo@example.org,+55 27 1476-7976,Cunha do Galho,Amazonas
75,Dr. Daniel da Paz,qmoura@example.com,+55 24 3690-0343,Teixeira,Goiás
76,Luan Campos,monteirolorena@example.org,+55 55 6838-8516,Lopes,Acre
77,Ana Vitória Dias,zoliveira@example.net,66 4160-5297,Borges das Pedras,Amazonas
78,Pedro Henrique Pastor,fmoura@example.com,27 5352-1818,Vasconcelos,Mato Grosso do Sul
79,Sr. Isaac Caldeira,theocosta@example.org,+55 66 1277-9979,Pires Alegre,Bahia
80,Ana Lívia Melo,tpires@example.com,+55 31 5814-7700,da Paz de Minas,Rio Grande do Sul
81,Thiago Gomes,jpacheco@example.net,+55 22 7935-9782,Machado,Amazonas
82,Sr. Thiago Ramos,brunoda-cruz@example.net,74 7889-2554,Jesus Alegre,Rondônia
83,Ana Júlia Vieira,davi-lucca51@example.net,53 4492-5192,das Neves das Flores,Bahia
84,Antonella das Neves,yramos@example.com,+55 54 8168-5054,Cunha,Mato Grosso
85,Evelyn Câmara,leonardobarbosa@example.com,+55 45 8880-5929,Cassiano da Serra,Ceará
86,Dra. Eloah Silveira,aaparecida@example.com,+55 93 7947-3834,Correia de Freitas,Rondônia
87,Maysa Martins,giovanna88@example.com,+55 68 3924-0758,Silva,Pernambuco
88,João Miguel Barros,yagomachado@example.net,+55 64 6137-5060,Montenegro da Praia,Espírito Santo
89,Anna Liz Freitas,benjamindias@example.org,35 2204-7277,Barros,Acre
90,Henrique Cassiano,xcamargo@example.com,+55 93 4103-6971,Monteiro,Rio Grande do Norte
91,Allana Pires,joao-pedroda-rocha@example.com,+55 11 9539-6218,Azevedo do Galho,Piauí
92,Sofia Novaes,gomesmaria-isis@example.org,54 5405-1531,Carvalho do Norte,Mato Grosso do Sul
93,Maitê Ramos,maria-fernandasampaio@example.com,+55 75 2170-4303,Dias,Maranhão
94,Maria Laura Nogueira,cda-cunha@example.net,+55 79 4505-4156,Souza dos Dourados,Minas Gerais
95,Sr. Theo Sales,zfreitas@example.net,12 1616-9284,Caldeira de Minas,Mato Grosso
96,Laís das Neves,tpereira@example.com,+55 69 7570-5964,Barbosa,Rondônia
97,Maria Luiza Fonseca,bentocasa-grande@example.net,74 0213-5569,Pereira,Bahia
98,Milena Freitas,livia19@example.org,0500 565 4310,Monteiro,Pernambuco
99,Bárbara da Luz,maite39@example.com,91 3121-7271,Rios da Praia,Roraima
100,Yan Nogueira,ana-clara22@example.com,96 3132-3705,Martins da Prata,Bahia
101,Aurora Azevedo,isabella78@example.com,64 9125-1778,Cardoso da Prata,Rio Grande do Sul
102,Emilly Vargas,luanamontenegro@example.org,+55 53 8242-2535,Barros Paulista,Distrito Federal
103,Kamilly Cardoso,sophie18@example.net,+55 71 9922-9959,Alves,Amapá
104,João Rezende,larapinto@example.net,+55 18 7844-7364,Barbosa de Sales,Alagoas
105,Pedro Lucas Leão,nmartins@example.com,+55 63 5556-2588,Dias,Espírito Santo
106,Camila da Mata,jda-cruz@example.org,+55 27 4696-3259,Correia da Serra,Paraná
107,Nina Monteiro,maysa01@example.com,95 7339-5004,Peixoto de Rezende,Rondônia
108,Laura Nascimento,caldeiralorena@example.org,11 5650-6098,Fonseca,Piauí
109,Brayan Gomes,jteixeira@example.com,+55 51 2165-5852,Pereira,Pernambuco
110,Sarah Aparecida,andradejoao-guilherme@example.net,35 7872-9825,Castro das Flores,Rio Grande do Norte
111,Sra. Maitê Montenegro,ksantos@example.com,86 0551-6940,da Luz de Rezende,Sergipe
112,Heloísa Silveira,pachecomaria-luiza@example.org,0300 962 3091,Almeida,Paraíba
113,Dr. Dom Jesus,julianamontenegro@example.net,85 0283-8578,Dias da Serra,Paraíba
114,Manuela Nogueira,vinicius97@example.org,+55 96 4843-4437,Mendes da Praia,Piauí
115,Sra. Laura Campos,wgoncalves@example.org,18 0415-7473,Nascimento,Goiás
116,Júlia Carvalho,pimentarhavi@example.org,+55 27 8330-1657,Rodrigues,São Paulo
117,André Novaes,joanarezende@example.com,87 3454-0193,Cavalcanti,Pará
118,Arthur Miguel Gonçalves,vcirino@example.com,+55 21 0499-1547,Carvalho de Montenegro,Paraíba
119,Gael Camargo,luan74@example.net,+55 77 0549-3296,Moraes Alegre,Amapá
120,Aylla Cirino,maria-lizduarte@example.org,+55 12 4637-4549,da Luz,Rio Grande do Sul
121,Sr. Bento Rios,martinsana-liz@example.org,63 8414-5933,Mendes,Bahia
122,Maria Fernanda Leão,isa@example.net,+55 87 3918-7851,Araújo,Tocantins
123,Sofia Costa,lucasduarte@example.net,75 1397-1870,Cardoso de Moraes,Pará
124,Ana Laura Novais,zrocha@example.com,+55 16 6403-9106,Sampaio de Minas,Piauí
125,Bernardo Melo,da-pazjulia@example.org,+55 61 6567-6618,Rezende,Mato Grosso do Sul
126,Felipe Nascimento,imoura@example.net,+55 89 0047-8686,da Cruz,Paraíba
127,Sr. João Guilherme Correia,andradelarissa@example.net,+55 15 3311-9079,da Cruz,Santa Catarina
128,Murilo Macedo,valentinacunha@example.org,+55 62 8439-5995,da Rosa,Bahia
129,Stephany Câmara,rda-rosa@example.org,+55 73 6870-5685,Jesus Grande,Maranhão
130,Ester Sá,oda-costa@example.com,+55 63 7086-6882,da Cruz Paulista,Distrito Federal
131,Sr. Rael Freitas,nascimentomateus@example.org,12 6990-1398,Mendes,Distrito Federal
132,Dr. Anthony Gabriel Cunha,isaacsouza@example.com,+55 95 9363-8546,Nascimento de Rezende,Mato Grosso do Sul
133,José Pedro Fonseca,gmartins@example.net,85 5355-6093,Almeida,Goiás
134,Maria Vitória da Rocha,matteofarias@example.org,51 9378-5477,Cavalcante de Siqueira,Sergipe
135,Sr. Davi Miguel Silveira,icirino@example.net,+55 32 8010-0623,Santos,Bahia
136,Henrique Montenegro,dfreitas@example.net,88 7008-8600,Nascimento da Mata,Acre
137,Marina Cavalcanti,britosabrina@example.org,+55 94 3984-5461,Guerra dos Dourados,Rio de Janeiro
138,Henry Gabriel da Rosa,rezendebenicio@example.org,63 6687-0021,Lopes de Ramos,Sergipe
139,Sr. Vinícius Aparecida,otaviosales@example.net,86 4014-8902,Almeida do Oeste,Rio de Janeiro
140,Miguel Barbosa,luan93@example.net,54 8562-1850,Lopes,Espírito Santo
141,Luigi Pereira,uvasconcelos@example.org,13 7735-8662,Barros da Mata,Sergipe
142,Brayan Barros,leandro62@example.net,54 5511-0475,Caldeira Grande,Amapá
143,Pedro Machado,bcaldeira@example.org,43 8199-5604,Gomes de Minas,Santa Catarina
144,Isabelly Oliveira,gabriellycavalcante@example.org,12 4472-1264,da Rosa do Amparo,Sergipe
145,Luiz Miguel da Cunha,mayapeixoto@example.net,+55 82 7124-0659,Farias dos Dourados,Mato Grosso
146,Catarina da Rosa,murilo75@example.org,61 5479-3564,Fonseca do Campo,Rio de Janeiro
147,Yago Cirino,siqueiramaria-eduarda@example.net,+55 85 7416-7243,Ribeiro Grande,Roraima
148,Maria Flor Barbosa,epeixoto@example.net,62 8868-0589,Caldeira,São Paulo
149,Luiz Gustavo Cavalcante,nunesisabelly@example.com,71 1014-3888,Machado,Mato Grosso do Sul
150,Nicole Vargas,catarinaalves@example.com,+55 46 4611-2545,Viana de Costela,Pernambuco
151,Marcela Melo,macedomarcela@example.com,+55 34 4010-5123,Novaes,Ceará
152,Dr. Ravi da Conceição,lpires@example.org,71 6093-7966,Santos,Distrito Federal
153,João Lucas Sá,oliveiragustavo@example.net,+55 77 5537-1478,Peixoto das Flores,Rio Grande do Norte
154,Bruna Ferreira,maria-cecilia92@example.net,21 9912-5134,Cirino,Mato Grosso do Sul
155,Srta. Sophia Gomes,ipeixoto@example.net,53 6278-2827,Carvalho da Serra,Mato Grosso
156,Ana Júlia Fogaça,mendoncajoao-gabriel@example.org,53 8876-7677,Barros,Rio de Janeiro
157,Henry da Rocha,da-motarael@example.net,17 2797-8819,da Mata,São Paulo
158,Maria Clara Nogueira,teixeiralunna@example.net,+55 87 6134-0745,Macedo,Amazonas
159,Gustavo Henrique Sousa,liz29@example.org,+55 84 3095-8498,Duarte,Roraima
160,João Vitor Oliveira,olivia12@example.com,+55 32 4223-2536,Casa Grande de Oliveira,Rio Grande do Sul
161,Oliver Garcia,obarbosa@example.org,63 8457-7590,Siqueira,Paraíba
162,Maria Alice Azevedo,bcunha@example.org,92 4545-8929,Viana de Fernandes,Rondônia
163,Augusto Brito,halmeida@example.org,74 7063-2424,Rezende,Mato Grosso do Sul
164,Bryan Freitas,cauagoncalves@example.net,24 3611-0371,Pastor,Espírito Santo
165,Melina Albuquerque,sampaiocaroline@example.org,68 2713-6111,Freitas da Mata,Bahia
166,Catarina Ramos,davi-miguelmoura@example.net,+55 13 9275-3269,Cunha de Borges,Amazonas
167,Davi Pastor,bferreira@example.com,+55 62 3413-8999,Vasconcelos do Sul,Rondônia
168,Gustavo Moreira,heloisada-rocha@example.net,+55 28 3761-3791,Fonseca,Mato Grosso
169,Mathias Nunes,ifonseca@example.net,+55 73 7109-1043,Araújo,Sergipe
170,Sofia da Paz,slima@example.com,+55 41 8892-4141,Cassiano,Piauí
171,Dr. Benício das Neves,psiqueira@example.org,+55 95 1617-9904,Campos,Acre
172,Srta. Alexia Castro,hferreira@example.net,+55 99 2524-1056,Moura de Minas,Goiás
173,Dra. Ana Vitória Monteiro,xmoraes@example.org,93 9252-4191,Sousa,Pernambuco
174,Augusto Albuquerque,calebmelo@example.com,53 2208-6353,Silveira Alegre,Goiás
175,Marcelo Campos,cavalcantipietro@example.net,+55 24 6174-4518,Albuquerque de Freitas,Distrito Federal
176,Kevin Sousa,maria-fernandafreitas@example.net,92 3832-0603,Porto do Sul,Mato Grosso
177,Marcos Vinicius Sousa,gustavo-henrique38@example.org,67 7024-1038,Sampaio da Praia,Paraíba
178,Srta. Aylla Montenegro,isabelbarbosa@example.net,+55 32 6234-4565,Machado Paulista,Espírito Santo
179,Guilherme Carvalho,cassianoheitor@example.org,79 7561-8537,Martins Paulista,Amazonas
180,Emanuel Rodrigues,bruno35@example.org,+55 43 3568-0442,Guerra,Paraíba
181,Isadora Brito,zcaldeira@example.org,+55 53 0032-3651,Barbosa do Sul,Amapá
182,Pedro Miguel Cardoso,fariasjoaquim@example.org,83 0296-6706,Cavalcanti da Praia,Distrito Federal
183,João Guilherme da Mota,ccassiano@example.net,+55 95 4768-7014,Carvalho das Pedras,Distrito Federal
184,Valentina da Cruz,garciaelisa@example.com,89 5985-6420,Peixoto de Goiás,Acre
185,Benjamin Melo,ravi-lucca21@example.org,+55 94 4803-9652,da Costa,Rio de Janeiro
186,Dr. Arthur Santos,joao-miguel93@example.com,27 2701-0393,Moura,Paraná
187,Lucas Pimenta,jose-pedrofernandes@example.net,+55 74 5002-9218,Barbosa da Praia,Roraima
188,Maria Laura Pastor,fernandesana-julia@example.com,+55 61 2675-2895,Rios,Rio de Janeiro
189,Marcos Vinicius das Neves,jose-miguel20@example.net,55 9029-5939,Monteiro,Bahia
190,Sr. Isaac Ferreira,lucas-gabriel15@example.com,+55 13 4331-5410,Gomes,Paraíba
191,Sra. Eloah Jesus,wgarcia@example.net,49 1793-2710,Almeida Alegre,Goiás
192,Brayan Fernandes,fernandacastro@example.net,+55 37 8159-9706,Pereira,Pará
193,Benjamim Brito,noah36@example.net,11 4431-0698,Cassiano de Aragão,Mato Grosso do Sul
194,Paulo Borges,maria-luiza31@example.org,+55 84 2417-1467,Ribeiro de da Luz,Amapá
195,Ísis Gomes,estergarcia@example.com,+55 77 7047-7434,Cassiano,São Paulo
196,Dra. Aylla Barros,vitoria69@example.org,+55 32 6868-7937,Barros das Flores,Roraima
197,Theodoro Oliveira,isaquesa@example.com,+55 73 2332-0616,Pires,Bahia
198,Joana Dias,borgeshellena@example.net,61 8548-7099,Camargo das Pedras,Bahia
199,Carlos Eduardo Caldeira,vianaallana@example.net,41 6467-9970,da Mota,Minas Gerais
200,Murilo Andrade,sfarias@example.org,+55 27 7450-5444,Sampaio de Rodrigues,Amazonas
201,Davi Luiz da Rosa,uvasconcelos@example.com,66 9137-3678,Araújo do Galho,Sergipe
202,Benício das Neves,xcarvalho@example.net,+55 18 2330-3070,Santos do Oeste,Goiás
203,Dr. Thiago Gonçalves,rodriguesbento@example.org,48 7972-7985,Castro Paulista,Santa Catarina
204,Srta. Larissa Alves,karagao@example.net,+55 86 3334-6800,Cardoso de Ramos,Ceará
205,Alexia Câmara,ana-laura46@example.com,42 7437-4896,Abreu,Pernambuco
206,Maria Fernanda Novais,ana-cecilia17@example.org,37 4544-4328,Araújo,Sergipe
207,Maria Luiza Ribeiro,joao-lucas07@example.com,+55 99 6660-9935,Rodrigues,Piauí
208,Olívia Rios,natalia42@example.net,+55 75 4172-4825,Câmara,Mato Grosso do Sul
209,Leandro Leão,esther49@example.com,83 1709-9917,Montenegro,Amazonas
210,Maria Helena Moura,julia02@example.org,+55 83 5697-2521,Farias de Pires,Ceará
211,Sr. André Machado,otto29@example.org,91 1296-6667,Abreu do Norte,Piauí
212,Marcelo Albuquerque,sofia30@example.net,+55 12 3354-2168,Cavalcante de Minas,Tocantins
213,Kaique da Rocha,hsiqueira@example.net,0300 562 5753,Guerra,Acre
214,Henry Gabriel Siqueira,otaviosiqueira@example.org,95 2150-6489,Peixoto,Alagoas
215,Bianca Rezende,aragaoigor@example.com,75 6184-7230,Leão do Campo,Rondônia
216,Júlia Pinto,larissacaldeira@example.net,+55 51 4117-3934,Fogaça,Roraima
217,Laís Castro,novaesmaysa@example.org,88 5300-1197,Borges,São Paulo
218,Ana Vitória Silveira,da-cunharavi@example.com,19 4701-2045,Lima do Campo,Amazonas
219,Anthony Carvalho,bellafogaca@example.com,12 1552-1667,Gomes do Amparo,Sergipe
220,Eloah Camargo,dantecastro@example.org,66 9797-2965,Rodrigues,Tocantins
221,Srta. Rafaela Mendonça,jesuslunna@example.org,+55 33 4508-9935,Lopes,Rondônia
222,Srta. Rafaela Ferreira,jcassiano@example.net,+55 28 0287-7217,da Costa Alegre,Goiás
223,Thiago Câmara,pguerra@example.org,82 7971-7751,Souza de Rezende,Acre
224,Nathan Jesus,novaisisis@example.org,+55 43 9948-8375,Aragão de Goiás,Paraíba
225,Dr. Luiz Otávio Silva,gcamargo@example.net,+55 88 0554-8851,Cavalcante,Paraná
226,Nicolas Caldeira,matteo31@example.com,+55 87 7351-6091,Marques de Ribeiro,Rio de Janeiro
227,Catarina Monteiro,mouracalebe@example.net,71 9782-9221,Ribeiro Alegre,Pernambuco
228,Mariah Pereira,yangoncalves@example.com,19 7226-9848,Silva da Prata,Rio Grande do Sul
229,Guilherme Costela,catarina22@example.net,32 1587-9968,Lima do Sul,Pernambuco
230,Apollo Garcia,cauerios@example.org,+55 83 4244-2043,Fogaça,Tocantins
231,Bella Pimenta,heloisada-costa@example.net,17 0666-5800,Costa dos Dourados,Tocantins
232,Léo Sá,mathiasda-rocha@example.com,+55 74 1228-1606,Novais Paulista,Bahia
233,José Miguel Abreu,maria-flor20@example.org,32 9094-7985,Viana,Roraima
234,Sr. Francisco Moreira,vianamirella@example.org,66 8861-5335,Fonseca da Mata,Distrito Federal
235,Vitória Melo,camargocecilia@example.com,+55 94 9930-5616,Nogueira da Mata,Acre
236,Maria Fernanda Moraes,cmendonca@example.com,+55 81 5811-2880,Costela,Rondônia
237,Hadassa Rodrigues,ncaldeira@example.net,73 1207-5011,Cavalcanti,Sergipe
238,Brayan Oliveira,valentimjesus@example.com,79 6650-6180,Sá,Santa Catarina
239,Ana Clara Sampaio,fogacamilena@example.org,18 4914-7660,Castro de Nascimento,Espírito Santo
240,Matteo Vieira,joao-pedro45@example.org,+55 63 1009-9688,das Neves,Distrito Federal
241,Dra. Manuella Cunha,gramos@example.org,+55 68 2394-3129,Sá,Piauí
242,Ana Sophia da Rocha,da-cunhagael-henrique@example.org,89 5523-1491,Dias,Paraná
243,Luísa Pimenta,leandro99@example.com,28 6205-3364,Carvalho Alegre,Paraná
244,Melissa Fogaça,mariah81@example.org,+55 38 4283-4110,Pacheco,Rio de Janeiro
245,Hadassa Andrade,yasmin87@example.net,+55 65 5639-4278,Gonçalves,Mato Grosso do Sul
246,Alexia Ribeiro,lucassa@example.net,+55 62 7229-9275,Câmara,São Paulo
247,Isabel Azevedo,ester30@example.net,+55 84 8567-7005,Santos,Pernambuco
248,Kamilly Sousa,yasmin92@example.com,49 5918-4638,Fogaça da Praia,Paraná
249,Alana Montenegro,lunnacavalcante@example.org,+55 37 8432-2259,Ribeiro,Espírito Santo
250,Luísa Silveira,mendesmaria-luiza@example.com,+55 85 9260-3029,Carvalho,Rio Grande do Sul
251,Ana Cecília Oliveira,danielcavalcante@example.com,+55 75 8699-0413,Pereira de Melo,Paraná
252,Henry Jesus,luiz-otaviopinto@example.net,96 4257-9913,Gomes Grande,Amazonas
253,Guilherme Moreira,mcassiano@example.org,+55 74 7990-8811,Ribeiro de Cardoso,Rio Grande do Norte
254,Agatha Vasconcelos,amoreira@example.com,+55 24 8637-6599,Lima,Bahia
255,Rhavi Vargas,enzoda-paz@example.net,64 4300-9818,Garcia,Rio Grande do Sul
256,Levi Jesus,heitor26@example.net,+55 97 4869-5946,Jesus,Piauí
257,Rafaela Cavalcanti,maria-sophia44@example.net,41 6213-7213,Viana Alegre,Sergipe
258,Ana Júlia Castro,aporto@example.org,+55 64 7961-1435,Pereira,Alagoas
259,Sra. Maria Liz Pimenta,danilo27@example.com,+55 13 3843-0988,Pimenta,Ceará
260,Ana Carolina Fonseca,alexandrecastro@example.org,14 6566-9380,Borges,Piauí
261,Luiz Fernando Ferreira,rael93@example.com,63 9042-6818,Montenegro,Maranhão
262,Sr. Théo da Cunha,luisa69@example.com,+55 95 5779-0714,Garcia,Rio Grande do Sul
263,Ian Dias,hfogaca@example.net,+55 13 4341-6518,Melo,Mato Grosso
264,Sr. João Felipe Cirino,melinasousa@example.org,+55 93 3433-3395,Vasconcelos,Amazonas
265,Bruno Rocha,apimenta@example.net,+55 22 7595-7947,Teixeira,Pernambuco
266,Miguel Câmara,cauemoura@example.com,87 8085-6271,Dias de Sales,Acre
267,Gustavo Henrique Garcia,duarteeloa@example.net,+55 99 2843-4795,Cirino do Amparo,Pará
268,Otto Sampaio,emanuella64@example.com,+55 75 9293-1438,Garcia do Oeste,Bahia
269,Srta. Olívia Albuquerque,lauramonteiro@example.org,98 8574-4890,Brito da Serra,Alagoas
270,José Miguel Melo,machadobruna@example.com,45 5884-5061,Rocha do Oeste,Rio de Janeiro
271,Zoe Cavalcanti,daniela58@example.com,77 1694-7225,Pires Verde,Minas Gerais
272,Bruno Castro,rafael55@example.net,18 4964-7598,Jesus de Cavalcante,Ceará
273,Davi Lucas Siqueira,theodorosouza@example.net,+55 38 3261-1178,Alves,São Paulo
274,Valentina Teixeira,caldeiravinicius@example.net,+55 66 1643-3472,Moura,Tocantins
275,Arthur Andrade,aylla77@example.net,13 8728-2997,Moura da Prata,Maranhão
276,Dr. Vitor Hugo da Conceição,macedoana-liz@example.com,65 4240-0825,Melo da Prata,Acre
277,Sra. Pietra da Rosa,vargaslorena@example.com,+55 92 0853-6866,Castro,Roraima
278,Dra. Maria Julia Garcia,viniciusbarros@example.com,+55 94 8944-8463,Cirino,Bahia
279,Daniel Porto,cpinto@example.com,91 3502-0802,da Paz,Goiás
280,Pedro Lucas Siqueira,da-conceicaofernando@example.org,+55 14 7356-4757,Farias,Amapá
281,Benjamin da Mata,ibarbosa@example.com,+55 75 3460-1367,Sousa,Alagoas
282,Raul Sousa,moreiraoliver@example.com,54 4520-8814,Porto de da Rosa,Distrito Federal
283,Sr. Henrique Camargo,luaraduarte@example.org,+55 69 4916-3009,Sales de Peixoto,Bahia
284,Sr. Josué Castro,rborges@example.net,37 0052-8127,Dias,Piauí
285,Manuella Macedo,asafesales@example.com,44 2407-7848,Correia de Nunes,Ceará
286,Marcela Duarte,mda-mota@example.net,+55 68 1827-4485,Abreu de Vasconcelos,Rio Grande do Sul
287,Maria Helena Siqueira,arthur-miguelpinto@example.com,+55 94 5186-3878,Pimenta,Maranhão
288,Dr. Lorenzo Camargo,moreiradavi-luiz@example.org,+55 55 2031-7310,Ribeiro do Amparo,Pernambuco
289,Jade Aragão,pedro-miguel91@example.org,+55 85 7170-5865,Pimenta,Goiás
290,Ana Cecília Siqueira,da-rosaeduardo@example.org,98 1138-6338,Nunes,Rio Grande do Sul
291,Oliver Souza,vargaselisa@example.net,82 6122-8685,Nascimento,Rio Grande do Norte
292,Maria Dias,esther66@example.net,32 9398-3684,Machado dos Dourados,Minas Gerais
293,Arthur Gabriel da Paz,moreirajoao-gabriel@example.com,+55 12 4335-0488,Brito,Alagoas
294,Maria Alice Cassiano,viniciusfonseca@example.net,+55 96 3441-9693,Silveira,Mato Grosso
295,Emanuella Mendonça,peixotoana-clara@example.org,51 1055-6613,Porto,São Paulo
296,Maria Helena Aragão,sabrina05@example.net,+55 65 5832-0679,Câmara,Pará
297,Matteo Casa Grande,barbarabarros@example.com,+55 27 8641-6862,Mendes,Piauí
298,Ryan Gonçalves,sabrinada-cruz@example.org,+55 35 4659-1166,Ferreira do Oeste,Mato Grosso
299,Sr. Leandro Cavalcante,luisa92@example.com,+55 24 3352-1103,da Paz,Acre
300,Sr. Leandro Machado,valmeida@example.org,0900 338 8487,Sales,Roraima
301,Allana Garcia,da-cunhaluigi@example.org,16 3940-7016,Ribeiro da Praia,Amazonas
302,João Vitor Rezende,yda-conceicao@example.net,+55 45 5798-1238,Novais de Silva,Acre
303,Josué Moura,brenda76@example.net,+55 67 0555-4384,Pires,Goiás
304,Ana Novais,rael25@example.com,+55 62 1689-3639,Lima,Maranhão
305,Luísa Machado,noahrezende@example.org,+55 83 2482-6292,Azevedo da Prata,Piauí
306,Srta. Ester Dias,bentoteixeira@example.com,65 6474-2312,Alves,São Paulo
307,Juliana Pereira,ravida-conceicao@example.net,+55 17 5172-8975,Gomes,Paraná
308,Cecilia Castro,raelandrade@example.com,+55 14 4633-3127,Sales de Duarte,Paraíba
309,Paulo Guerra,pereiragabrielly@example.net,28 6999-8808,Machado,Paraíba
310,Joaquim Moreira,csousa@example.net,54 8034-7644,Cavalcante de Lima,Maranhão
311,Ana Júlia Sales,maria-fernandaramos@example.com,+55 43 8129-8266,Machado do Sul,Ceará
312,Gabriela Marques,da-cunhaayla@example.net,+55 68 1117-5186,Garcia,Piauí
313,Ana Clara Vargas,brunanunes@example.net,+55 65 2220-6447,Pires da Serra,Amazonas
314,Guilherme Abreu,apollo77@example.com,+55 12 9733-9776,Barros de Peixoto,Rio Grande do Norte
315,Joaquim Novaes,oliver02@example.org,+55 31 5020-9945,Aragão,Amazonas
316,Emanuelly Castro,luiz-gustavo79@example.com,+55 21 1455-6168,da Rocha,Paraná
317,Davi Sales,bella86@example.net,+55 85 3901-9817,Lima Alegre,Goiás
318,Maria Cardoso,umoreira@example.net,93 7293-4301,Martins,Rio Grande do Sul
319,Gustavo Henrique Pimenta,cjesus@example.com,42 8303-4414,Montenegro da Prata,Mato Grosso
320,Danilo Rodrigues,carolina69@example.net,+55 18 2355-7702,Cassiano de Pires,Paraíba
321,Lívia Martins,dsouza@example.net,21 9588-0395,Azevedo Grande,Goiás
322,Lucca Garcia,heloisacirino@example.net,+55 49 4504-6173,Machado da Mata,Distrito Federal
323,Liz Cavalcanti,freitasbreno@example.org,+55 43 7807-8235,Siqueira de Moura,Maranhão
324,Sr. Carlos Eduardo Moreira,noahsilveira@example.org,82 6810-4091,Martins do Norte,Amazonas
325,Luana Almeida,otto53@example.org,17 4857-1422,Camargo do Sul,Rio Grande do Norte
326,Sophie Caldeira,vitoriaferreira@example.net,31 4249-3214,Nogueira dos Dourados,Alagoas
327,Arthur Melo,caldeirahadassa@example.org,+55 42 6629-9795,Farias do Oeste,Roraima
328,Yasmin Barros,inunes@example.org,84 1747-7332,Fonseca das Flores,Ceará
329,Dra. Luísa Viana,maria70@example.org,86 1577-2459,Moraes,Amazonas
330,Bianca Duarte,vieiraana-julia@example.net,83 6963-9382,Gomes de Azevedo,Mato Grosso
331,Pedro Viana,ynunes@example.com,+55 93 2197-1997,Novais do Campo,Tocantins
332,Emanuelly das Neves,mazevedo@example.org,51 5701-3290,Ribeiro,Bahia
333,Yasmin da Rocha,kpimenta@example.com,+55 82 3549-4651,Pimenta,Pernambuco
334,Carolina da Rocha,freitasisis@example.org,+55 11 8514-0369,Pires Alegre,Roraima
335,Maria Luiza Garcia,nnogueira@example.net,+55 73 7238-6562,Rios Grande,Bahia
336,Brayan Ramos,casa-grandemariah@example.net,73 2126-7969,Marques,Pernambuco
337,Milena Gomes,rael26@example.net,+55 12 9738-4689,Andrade do Norte,Rio de Janeiro
338,Maria Eduarda Camargo,fsales@example.org,0300 478 1891,Melo,Rio Grande do Sul
339,Dra. Ana Vitória Rodrigues,caue58@example.org,85 7879-5654,Cavalcante do Norte,Roraima
340,Liz Siqueira,davi79@example.org,+55 28 4904-7128,Viana,Goiás
341,Davi Lucca Pimenta,yan40@example.net,+55 48 9292-7524,Mendonça,Ceará
342,Ana Beatriz Fernandes,casa-grandeleandro@example.com,65 6372-3950,Sá do Campo,Alagoas
343,Ravi Guerra,eda-rosa@example.net,0800 366 7428,Albuquerque da Mata,Sergipe
344,Maria Helena Rocha,sofia01@example.net,43 6945-4414,Martins de Goiás,Santa Catarina
345,Evelyn Moreira,luiz-miguel58@example.org,+55 13 1061-8175,Silveira,Maranhão
346,Gael Andrade,pintofrancisco@example.org,+55 87 9111-9269,Camargo,Roraima
347,José da Rocha,eribeiro@example.net,81 4654-2140,Gomes Alegre,Alagoas
348,João Cavalcanti,fazevedo@example.org,55 2712-8639,Macedo,Roraima
349,Cauã Andrade,barbosatheodoro@example.com,+55 15 7200-6425,Oliveira do Sul,Pernambuco
350,Sra. Pietra Lopes,xsiqueira@example.org,+55 89 0671-9855,Guerra do Norte,Rio Grande do Sul
351,Ayla Fonseca,enrico74@example.net,+55 83 2806-3461,Mendonça de Minas,Rio Grande do Sul
352,Esther Carvalho,correiabenicio@example.net,+55 94 7618-4787,Andrade,Mato Grosso
353,Lucca Viana,guerraisaac@example.org,99 7829-3102,Rezende de Almeida,Paraná
354,Ana Clara da Cruz,arthurcavalcanti@example.net,+55 27 4179-2911,Monteiro,Rio Grande do Norte
355,Hellena Azevedo,leticiafernandes@example.net,62 5198-2530,Farias,Amapá
356,João Guilherme Casa Grande,scavalcante@example.com,+55 69 7390-2196,Almeida,Paraná
357,André Abreu,felipesantos@example.net,16 6723-2487,da Costa da Serra,Rio Grande do Norte
358,Srta. Emilly Silva,fpimenta@example.net,22 5608-3318,Pinto,Mato Grosso do Sul
359,Sofia Câmara,ovargas@example.net,+55 85 4031-2772,Rios,Alagoas
360,Luiz Otávio da Paz,luarada-cunha@example.com,81 0108-2207,Barbosa,Espírito Santo
361,Sra. Lunna Leão,ayllada-conceicao@example.org,33 3136-3631,Pacheco de Mendonça,Alagoas
362,Clara Cunha,ycavalcanti@example.com,+55 61 7354-3520,da Mota,Bahia
363,Ravi Lucca Marques,wcavalcante@example.com,+55 88 4929-2983,Jesus,Pernambuco
364,Helena Pastor,rmartins@example.org,69 3356-9392,Leão,Alagoas
365,Ravy Siqueira,limasofia@example.com,87 1773-1806,Cardoso,Mato Grosso do Sul
366,Isaque Ramos,almeidamaria-luiza@example.net,24 2799-0772,Cirino da Praia,Rio Grande do Sul
367,Agatha Pires,gomesbrenda@example.net,+55 19 4649-8931,Sousa do Norte,Pernambuco
368,Maria Clara Aragão,gomesemanuelly@example.com,+55 22 5528-1832,da Costa da Prata,Amazonas
369,Pietra Sousa,raelduarte@example.com,12 8640-1557,Montenegro de Moura,Tocantins
370,Ravy Santos,marcela95@example.net,+55 33 3711-6241,Cavalcante,Goiás
371,Diogo Monteiro,nicolasmoreira@example.net,+55 16 4682-7567,da Rocha,Distrito Federal
372,Antônio da Conceição,juliana95@example.net,33 7988-7749,Vieira,Maranhão
373,José Pedro da Conceição,sfreitas@example.org,+55 64 5472-9284,Cavalcanti,Tocantins
374,Dra. Daniela Castro,igoraparecida@example.com,+55 54 7452-3805,Casa Grande da Praia,Paraíba
375,Elisa Nascimento,joaquim06@example.com,+55 64 7520-8854,da Rocha de Sá,Rio de Janeiro
376,Clara Nunes,sfernandes@example.org,87 0281-4069,Machado,Mato Grosso do Sul
377,Luan Araújo,saracamara@example.com,+55 82 0187-1863,Dias de Pereira,Rio Grande do Norte
378,Ana Laura Rios,isabella26@example.com,53 5045-5478,Cunha,Santa Catarina
379,Maria Vitória Macedo,luan66@example.org,+55 42 2347-8519,Borges do Sul,Pará
380,Júlia Leão,maria-eduardasantos@example.net,+55 62 3264-8704,Monteiro da Prata,Santa Catarina
381,Heloisa Alves,cassianovinicius@example.com,85 1462-7301,Monteiro de Minas,Rio Grande do Norte
382,Sra. Rafaela Nunes,oda-luz@example.net,86 1589-0429,Casa Grande,Mato Grosso
383,Catarina Fogaça,caueda-mata@example.com,67 5044-8183,Teixeira,Amazonas
384,Eloah Nogueira,ana-vitoria44@example.net,45 1895-2028,Freitas do Amparo,Pará
385,Sr. Cauã Cunha,milenacamara@example.org,0300 881 6711,Almeida,Paraná
386,Dr. Luiz Miguel Carvalho,hpeixoto@example.com,+55 73 4013-2234,Costela,Bahia
387,Otávio Sales,barbosaarthur-miguel@example.com,71 0310-8907,da Cunha,Alagoas
388,Kevin Rios,sagael@example.org,+55 84 9325-0124,Fogaça da Serra,Pernambuco
389,Dra. Isabella Montenegro,britoarthur@example.net,+55 87 3428-0138,Fonseca de Sampaio,Rio de Janeiro
390,Pedro Lucas Rocha,cirinodaniela@example.com,68 3836-1517,Moreira,Bahia
391,Maria Cecília Santos,bruno15@example.com,+55 49 6479-4738,da Rocha das Pedras,Distrito Federal
392,Renan Rocha,luiz-henrique07@example.net,+55 46 6781-1266,Sousa,Ceará
393,Luiz Otávio Costa,murilo96@example.org,+55 92 6749-9465,Rios de Pereira,Minas Gerais
394,Sophia da Mota,mariacaldeira@example.org,+55 97 7732-0101,Rocha de Alves,Ceará
395,Lunna Cassiano,gael18@example.com,84 3477-8485,Teixeira,Alagoas
396,Bárbara Gomes,ydias@example.com,82 0028-4276,das Neves,Roraima
397,Raquel Teixeira,nunesmariane@example.net,85 7828-0647,Pimenta da Praia,São Paulo
398,Lorenzo Araújo,pastorcaleb@example.org,46 5905-6165,Jesus da Praia,Alagoas
399,Isabelly da Cruz,ana-liviapastor@example.org,+55 33 4152-0850,Ribeiro de Lima,Rio de Janeiro
400,Mariah da Mata,sampaiomaria-isis@example.net,+55 16 5696-5917,Sales,Rondônia
401,Lucca Monteiro,lucas-gabriel94@example.com,73 3718-3440,Oliveira das Flores,Sergipe
402,Caleb Silva,pastorbarbara@example.com,+55 34 9876-3514,Lopes da Prata,Mato Grosso
403,Oliver Guerra,olivia78@example.org,+55 15 8297-3748,Nunes do Norte,Pernambuco
404,Luiz Otávio Martins,rodrigocassiano@example.net,21 6651-3644,da Cunha,Rondônia
405,Isabela Guerra,iancassiano@example.org,+55 18 3477-8660,Castro,Goiás
406,Arthur da Luz,isis20@example.net,89 0015-9416,Rios de Minas,Minas Gerais
407,Srta. Isabela Camargo,moreirasabrina@example.com,93 1391-5596,Lima,Distrito Federal
408,Cauê Cavalcanti,yanmacedo@example.com,+55 98 9078-5158,Melo de Goiás,Goiás
409,Luiz Miguel Melo,ana-liz09@example.org,+55 28 3486-4518,Macedo,Minas Gerais
410,Matteo da Cunha,fernando34@example.org,+55 68 7560-4177,Farias das Pedras,Tocantins
411,Enrico Sampaio,natalia15@example.com,33 7002-7206,Pires,Maranhão
412,Sr. Daniel Castro,pietrasilva@example.net,+55 55 9657-7242,da Paz do Oeste,Amapá
413,Maria Eduarda Cirino,kgarcia@example.org,+55 16 0893-1734,Aragão,Minas Gerais
414,Mariane Peixoto,kaique15@example.org,+55 51 0867-7133,Viana,Goiás
415,Thales Garcia,lorenacostela@example.net,+55 87 4362-6204,da Costa dos Dourados,Espírito Santo
416,Dr. Bryan Albuquerque,ucarvalho@example.net,61 3669-4118,Aragão,Mato Grosso
417,Ravy Fogaça,abreuthiago@example.net,51 4652-8092,Cavalcante do Galho,Paraná
418,Dr. Davi Lucca Borges,sofia62@example.com,+55 49 5027-4564,Pimenta Paulista,Pernambuco
419,Dr. Enzo Dias,jteixeira@example.net,74 0320-3207,Castro dos Dourados,Pará
420,Thales Aparecida,tfogaca@example.net,89 7712-1513,Cirino da Serra,Santa Catarina
421,Júlia Nunes,anthonymoura@example.net,+55 75 6137-1504,Gonçalves,Mato Grosso do Sul
422,Bianca Duarte,benjaminbarros@example.com,87 7490-5097,Siqueira Verde,Bahia
423,Benicio Ramos,ayla01@example.net,51 1642-3610,Castro,Minas Gerais
424,Larissa Ramos,isaqueda-rosa@example.com,71 4925-1583,Machado de Gomes,Paraná
425,Otávio Borges,nfreitas@example.org,73 6108-5732,Moura de Pires,Rio Grande do Sul
426,Antonella da Rocha,flopes@example.com,21 2243-8649,Novaes,Amapá
427,Théo Caldeira,gjesus@example.com,+55 97 5491-8017,Viana,Ceará
428,Ana Clara Barros,tsantos@example.com,81 7945-2321,Rocha do Campo,Pará
429,Allana Abreu,acamargo@example.org,87 7697-4995,da Rosa de Minas,Bahia
430,Anthony Gabriel Correia,almeidamarcos-vinicius@example.org,+55 85 7236-8314,Casa Grande de Melo,Pará
431,Danilo Cavalcante,liviamendonca@example.com,+55 16 7933-4960,Albuquerque do Campo,Rio Grande do Sul
432,Sra. Maria Vitória Monteiro,brayan76@example.com,97 9973-0806,Novaes de Minas,Goiás
433,Maria Vitória Melo,monteirocecilia@example.com,73 0243-7573,Pastor,Rondônia
434,Dr. Davi Lucca da Rocha,rleao@example.net,45 7293-4172,Costa,Ceará
435,Rebeca Brito,tmonteiro@example.org,+55 85 8005-4522,Azevedo,Mato Grosso
436,Bruna Pinto,isaquenovais@example.org,89 4550-8428,Santos,Alagoas
437,Natália Sá,caldeiragustavo@example.net,+55 22 8121-3524,Teixeira de Montenegro,Paraná
438,Srta. Daniela Ramos,bruna21@example.org,74 6037-5482,da Mata,Mato Grosso do Sul
439,Sra. Maria Cecília Pires,kevinsa@example.net,67 3266-6785,Macedo,Bahia
440,Valentim Azevedo,fernandesana-vitoria@example.com,+55 69 6060-2908,Leão das Flores,Rondônia
441,Dra. Liz Silveira,catarina04@example.net,+55 64 6738-9975,Vasconcelos do Oeste,Maranhão
442,Arthur Miguel Nascimento,heloisa28@example.net,16 3188-4852,Alves,Sergipe
443,Joana da Costa,lavinia81@example.net,+55 32 5485-1017,Oliveira do Sul,Paraíba
444,Sr. Vitor Peixoto,clarada-rosa@example.com,+55 62 6831-5893,Marques do Campo,Bahia
445,Sra. Maria Sophia Barros,araujolais@example.org,86 3715-8698,da Luz Verde,Paraná
446,Mariana Macedo,asiqueira@example.org,+55 63 8277-2881,Marques,Paraná
447,Emanuel Novais,isaac96@example.org,+55 51 5940-8215,Freitas da Mata,Maranhão
448,Ana Vieira,joao-miguelviana@example.net,67 0443-2701,Azevedo do Norte,Pará
449,Luana Nunes,yfernandes@example.com,86 9228-7772,Borges das Pedras,Minas Gerais
450,Miguel Fernandes,riosluisa@example.net,15 1209-4818,Correia,Rio Grande do Norte
451,Ana Júlia Nunes,maria-lauramontenegro@example.org,+55 51 8204-3397,Nascimento,Rio Grande do Norte
452,Dr. Augusto Mendonça,fernandesluiza@example.org,66 0856-4111,da Paz,Bahia
453,José Miguel Vargas,cassianoana-liz@example.com,+55 71 0952-0046,Dias,Bahia
454,Luna da Luz,dcampos@example.org,+55 94 9937-8861,Araújo Alegre,Paraíba
455,Maria Luísa Azevedo,aalves@example.net,+55 92 0489-1382,Nunes das Pedras,Paraíba
456,Theodoro Costela,evelynnogueira@example.org,+55 95 8687-0079,Rezende da Serra,Acre
457,Rodrigo da Mata,gabrielly53@example.net,96 4028-9141,Sampaio do Campo,Tocantins
458,João Lucas Lopes,mirelladias@example.net,38 4743-5537,Almeida Grande,Rio Grande do Sul
459,Renan Abreu,rochaluiz-felipe@example.com,91 6811-8071,Garcia da Praia,Minas Gerais
460,Anthony Campos,mfreitas@example.com,+55 13 3045-3194,da Conceição,Paraná
461,Sr. João Lucas Monteiro,anthony-gabrielcosta@example.net,61 1498-7283,Azevedo,Rio de Janeiro
462,Benício Cardoso,rafael84@example.org,+55 16 8948-7060,Lopes das Pedras,Goiás
463,Valentim Martins,hfonseca@example.org,+55 89 0468-7506,Farias,Amapá
464,Amanda Sousa,laviniabarbosa@example.org,+55 82 2541-1076,Pastor,Sergipe
465,Lívia da Cunha,henriquemelo@example.org,38 0583-1997,Pires,Paraíba
466,Camila Barros,andradegabriela@example.com,+55 33 2070-4961,Rocha,Alagoas
467,Ana Júlia da Rocha,gguerra@example.net,65 3990-7676,Fernandes,Rio Grande do Sul
468,Amanda Marques,matheus11@example.org,+55 34 9392-8456,Silveira de Pinto,Paraíba
469,Joaquim Carvalho,araujojose-miguel@example.com,73 8549-8227,Pereira Alegre,Maranhão
470,Sr. Valentim Pastor,daniloda-costa@example.net,+55 28 6533-3153,Sales de Sales,Paraíba
471,Luísa Pacheco,ana-clara65@example.org,+55 46 7073-0337,da Costa,Paraná
472,Sra. Maria Flor Costela,acirino@example.com,+55 13 1508-1247,Pires,Rio de Janeiro
473,Sr. Arthur Costa,alicecavalcanti@example.org,11 2583-2302,Brito do Sul,Tocantins
474,Cecilia Garcia,fernandesotto@example.com,81 3552-8961,Casa Grande,Bahia
475,Gael Nascimento,xsales@example.com,69 3099-3842,da Cruz do Norte,Rio Grande do Sul
476,Davi Lucas Moraes,ucostela@example.org,85 9128-6857,Cavalcanti de Duarte,Roraima
477,Dr. Thales Melo,isadora90@example.org,+55 88 3736-3466,Freitas,Goiás
478,Antonella Carvalho,da-rochalivia@example.net,43 3907-8956,Martins de Lopes,Pará
479,Dr. Liam da Mata,lalves@example.com,+55 92 4151-4888,Viana,Goiás
480,Carlos Eduardo Campos,fonsecabreno@example.net,+55 83 5354-4439,Sá,Roraima
481,Dra. Joana Albuquerque,alexia56@example.com,+55 14 7826-3337,Moreira,Rio de Janeiro
482,Nina Silveira,yfernandes@example.org,28 3663-7780,Carvalho Verde,Bahia
483,Anthony Monteiro,camila36@example.com,63 8459-0902,Farias,Rio de Janeiro
484,Maria Júlia Garcia,heloisaazevedo@example.net,53 3715-9741,Caldeira,Rondônia
485,Emanuelly Andrade,lalves@example.org,+55 34 6433-4817,Freitas,Pernambuco
486,Enzo Gabriel Duarte,kgoncalves@example.org,+55 55 8671-6323,Lopes do Amparo,Ceará
487,Luana Pastor,milenasilva@example.net,82 4302-7169,Moura,Mato Grosso
488,Rebeca Marques,coliveira@example.net,+55 43 4754-6926,Cavalcanti,Rio Grande do Norte
489,Sra. Natália Gomes,gabrielgoncalves@example.net,+55 24 3248-4137,Teixeira da Prata,Amazonas
490,Sr. Cauã Montenegro,julia72@example.com,+55 85 8070-1765,Correia das Flores,Alagoas
491,José Camargo,beatrizrios@example.net,83 7711-8372,da Mota de Castro,Ceará
492,Carlos Eduardo Cavalcanti,josue86@example.org,+55 37 0427-5230,Macedo,Roraima
493,Vicente Ramos,gomesana-liz@example.com,+55 28 9006-3353,Borges,Acre
494,Ana Albuquerque,matheus13@example.org,+55 69 2068-1558,Pinto,Distrito Federal
495,Maria Laura Lima,da-conceicaopaulo@example.org,44 5206-5063,Câmara de Azevedo,Rondônia
496,Léo Aparecida,cunhajuliana@example.com,93 1892-4195,Rocha Grande,Mato Grosso
497,Liam Rios,vazevedo@example.org,77 6838-9030,das Neves,Espírito Santo
498,Sra. Isabelly Pinto,araujojoao-guilherme@example.com,93 4326-3039,Sousa de Farias,Bahia
499,Liam Ramos,moreirakamilly@example.net,17 0355-3380,Rodrigues,Roraima
500,Srta. Maria Helena Moreira,luiz-otavio70@example.org,91 1302-3212,da Costa,Pernambuco
501,Paulo Silveira,kdas-neves@example.net,+55 82 3629-3449,Porto de Costa,Goiás
502,Anna Liz Fonseca,kgarcia@example.com,74 6896-2706,Barros da Mata,Rio Grande do Norte
503,Daniela Novaes,theogarcia@example.com,24 7468-9715,Silva,Paraná
504,Eduardo Correia,albuquerquemelissa@example.net,48 7666-5674,Jesus,Alagoas
505,Matheus Nunes,mathiasteixeira@example.com,+55 98 5875-0663,Mendes,Alagoas
506,Sr. Diogo da Luz,jrodrigues@example.com,+55 96 9920-1166,Moreira,Distrito Federal
507,Eloah Lima,ana-julia88@example.net,51 9461-1952,Souza do Oeste,Santa Catarina
508,Lorena Abreu,marianeabreu@example.org,+55 34 6864-6225,Santos,Bahia
509,Ryan Cirino,machadootavio@example.org,+55 83 0234-6791,Barros,Maranhão
510,Marcos Vinicius Campos,davi-lucas50@example.net,+55 93 7710-0409,Brito,Distrito Federal
511,Alana Garcia,maria-vitoria75@example.net,69 5555-3566,Fogaça,Mato Grosso
512,Alexandre Marques,isilveira@example.org,+55 53 8435-7978,Ribeiro do Oeste,Acre
513,Luna Almeida,caleb57@example.org,89 6915-6716,Pereira do Oeste,Roraima
514,Vicente Oliveira,cardosomaysa@example.org,22 8727-1783,Cunha,Ceará
515,Aurora Caldeira,bsilva@example.org,33 6434-7128,Borges de Vieira,Roraima
516,Sr. Benício Ramos,gabriela68@example.com,+55 92 3414-1115,Souza,Amazonas
517,Maria Eduarda Cardoso,gabrielly90@example.com,+55 32 9836-6552,Caldeira,Minas Gerais
518,Vitor Gabriel Marques,joao-vitor43@example.com,81 2942-0954,da Mota,Roraima
519,Pietra Pires,mayada-rocha@example.net,49 0523-3027,da Rosa da Serra,Acre
520,Maria Júlia Fernandes,erocha@example.com,55 6184-4386,Cardoso,Mato Grosso
521,Ana Júlia Santos,maria-cecilia29@example.org,75 7423-3305,Rocha,Sergipe
522,Marcos Vinicius Lima,danielbrito@example.com,86 2018-5962,da Cruz do Norte,Amazonas
523,Miguel Mendonça,luiz-felipe61@example.com,51 4750-1111,Ramos de Rios,Pernambuco
524,Antônio Pastor,sda-mota@example.net,+55 44 9267-6492,Duarte,Amapá
525,Dra. Ester Guerra,goncalvesstella@example.net,91 1898-1312,Abreu,Piauí
526,Luara Campos,cardosonoah@example.net,+55 68 1840-1184,Nogueira da Serra,Pará
527,Agatha da Cruz,caleb84@example.net,0800 729 7585,Sales,Amazonas
528,Ana Clara da Costa,correiajoao-miguel@example.com,+55 87 2983-9542,Barbosa da Prata,Goiás
529,Mateus Rezende,isabellymarques@example.org,+55 98 6283-1435,Leão,Tocantins
530,Levi Viana,bgarcia@example.net,+55 96 1418-1861,Porto de Minas,Mato Grosso do Sul
531,Dr. Diogo Câmara,antonio16@example.org,49 1128-4971,Sampaio Verde,Maranhão
532,Júlia Pereira,aragaoluigi@example.com,54 2588-9679,da Luz,Acre
533,Sophie Silva,josecasa-grande@example.com,12 0539-6727,Martins do Galho,Maranhão
534,Paulo Moreira,ana-lauraporto@example.org,24 6511-1312,Barros,Santa Catarina
535,Yuri Monteiro,limanicole@example.net,+55 61 7788-1609,Souza,Acre
536,Sra. Yasmin Souza,samuel89@example.org,77 2832-1528,Aragão das Pedras,Paraná
537,Eloá Freitas,fernandestheo@example.net,+55 51 4474-4309,Cunha da Mata,Rio Grande do Sul
538,Ana Carolina Martins,waraujo@example.org,82 5451-0526,Albuquerque do Campo,Pará
539,Fernanda Barros,julianacampos@example.com,+55 12 2437-6545,Cirino da Prata,Sergipe
540,Cauê Macedo,icastro@example.com,73 0531-3402,Leão Alegre,Alagoas
541,Gael Henrique Mendes,isaac67@example.net,92 2568-6211,Cardoso,Bahia
542,Sr. Isaac Aragão,liz90@example.com,87 4471-6392,da Cruz,Goiás
543,João Sampaio,lizcosta@example.com,+55 46 8923-9231,Guerra,Alagoas
544,Gael Casa Grande,nalmeida@example.org,+55 43 0668-4335,Mendes do Norte,Pernambuco
545,Ana Júlia da Rosa,da-mataemanuella@example.com,42 6350-2000,Cunha da Mata,Paraná
546,Carlos Eduardo Lopes,thiagomendonca@example.com,35 4110-8255,Souza Verde,Pernambuco
547,Maria Fernanda da Costa,otto96@example.org,+55 47 2910-9337,Barbosa,Piauí
548,Manuela da Rosa,mteixeira@example.net,+55 66 0236-8485,Machado do Campo,Pará
549,Rodrigo Leão,cavalcanteyan@example.net,+55 55 4090-3678,Cavalcante,Paraíba
550,Maria Isis Novais,mguerra@example.com,+55 84 2029-3908,Montenegro de Santos,Santa Catarina
551,Joana da Rosa,ana-carolinasantos@example.com,+55 51 2308-3402,Carvalho Paulista,Sergipe
552,Josué Costela,abreucecilia@example.net,47 5184-2694,Araújo do Sul,Tocantins
553,Sr. João Lucas Cavalcanti,arthur-gabriel89@example.org,51 4983-7354,Pacheco,Rio Grande do Sul
554,Daniela Machado,luarafreitas@example.org,87 1727-2239,Siqueira de Cirino,Rio Grande do Sul
555,Antônio das Neves,luiz-gustavogoncalves@example.net,+55 79 1216-3761,Siqueira,São Paulo
556,Carlos Eduardo Garcia,halmeida@example.org,+55 24 2314-2900,Nogueira,Santa Catarina
557,Sr. Guilherme Carvalho,kteixeira@example.com,+55 68 4572-3084,Almeida,Tocantins
558,Cauã Nogueira,gustavo86@example.org,+55 11 3036-6254,Rodrigues,Minas Gerais
559,Brenda Mendonça,henrycamara@example.org,16 5195-1510,Cavalcanti,Pará
560,Lívia Peixoto,laiscassiano@example.net,22 9451-4754,Viana,Acre
561,Diogo Dias,heloisamachado@example.net,87 1196-4215,Cirino,São Paulo
562,Maria Dias,elima@example.net,65 9523-6687,Nascimento de Nascimento,Tocantins
563,Matheus Barros,kmoura@example.net,+55 88 1350-3058,Carvalho de Camargo,Alagoas
564,Dr. Davi Miguel da Rocha,jcasa-grande@example.com,+55 95 3302-1260,Freitas do Norte,Roraima
565,Brayan Mendes,bentocasa-grande@example.com,+55 63 1310-9622,Souza de Carvalho,Santa Catarina
566,Letícia Melo,vsilveira@example.com,+55 14 4120-0928,Albuquerque,Minas Gerais
567,Mirella Novaes,melissa43@example.com,+55 67 4186-2369,Câmara,Minas Gerais
568,Breno Sales,umendes@example.net,63 6205-6341,Barbosa,Mato Grosso do Sul
569,Lívia Alves,alexiacastro@example.net,+55 47 1390-4383,da Costa,Goiás
570,Augusto Nunes,daparecida@example.com,+55 43 4054-6835,Silveira da Praia,Bahia
571,Dra. Aylla Farias,gsousa@example.org,94 2096-7904,Cassiano,Rondônia
572,Anna Liz Pires,silvaravi@example.org,+55 63 2889-8572,da Rocha da Praia,Rio Grande do Norte
573,Ana Cecília Silva,nda-costa@example.net,+55 37 2971-0248,Monteiro,Amazonas
574,Luara Cavalcante,lorenzo14@example.net,46 5112-7474,Rezende de Carvalho,Amazonas
575,Raquel Aparecida,allana66@example.net,+55 55 7589-5516,da Luz de Rodrigues,Alagoas
576,Ana Laura Sousa,antonycassiano@example.org,18 6296-1367,Ferreira,Paraíba
577,Yasmin Martins,barrosluiz-miguel@example.net,+55 47 6636-5155,Cunha de Sampaio,Santa Catarina
578,Bruna da Mota,iandrade@example.org,85 2359-0960,Vieira das Pedras,Paraná
579,Benjamim Cunha,teixeiralavinia@example.com,+55 97 2121-4614,Leão de Moura,Distrito Federal
580,Joana Cirino,borgesliz@example.com,21 2356-7782,Fogaça Verde,Minas Gerais
581,Gael Henrique Barbosa,aylarios@example.net,31 0272-7516,Moreira do Sul,Paraíba
582,Rael Porto,andradepedro-henrique@example.net,+55 79 6829-6353,Rocha,Rio de Janeiro
583,Léo Fonseca,da-rosaana-liz@example.net,+55 53 7766-5586,Camargo da Serra,Paraíba
584,Maria Fernanda Cavalcanti,vitorialopes@example.com,16 6491-1110,Caldeira do Amparo,Santa Catarina
585,Ísis Brito,lmontenegro@example.org,18 6337-8613,Campos de Ferreira,Sergipe
586,Maria Sophia Ramos,xabreu@example.org,95 4444-6306,Albuquerque,Acre
587,Marcelo Moreira,bruna29@example.com,+55 94 8639-6096,Porto,Minas Gerais
588,Srta. Maria Luiza Dias,luizada-conceicao@example.org,+55 54 8196-4825,Borges,Amapá
589,Pedro Henrique Albuquerque,benjaminpinto@example.net,+55 38 9602-7523,da Rosa,Distrito Federal
590,Isabelly Silveira,qvargas@example.net,+55 28 4120-9117,Caldeira,Bahia
591,João Cirino,barbosamaya@example.com,+55 85 6170-6171,Rodrigues,Pará
592,Luara Porto,lcastro@example.com,+55 13 2990-1557,Castro,Pernambuco
593,Sra. Camila Correia,nascimentoaugusto@example.net,97 2351-3052,Barros,Santa Catarina
594,Srta. Juliana da Mota,fcosta@example.com,19 7768-6342,Rodrigues,Roraima
595,Matteo Caldeira,lucas37@example.com,77 6945-9196,Costa Verde,Mato Grosso do Sul
596,Sr. Rael Cavalcante,moraesthiago@example.net,64 4985-6012,Lima da Serra,Mato Grosso do Sul
597,Brayan Cunha,esther25@example.org,+55 13 5053-7953,Gomes,Maranhão
598,Hadassa Moura,gustavonovais@example.com,+55 37 9665-5330,Monteiro de Aparecida,Goiás
599,Bárbara Campos,mcavalcante@example.com,53 3904-0907,Cardoso das Flores,Alagoas
600,Vitória Aparecida,arthur-gabriel17@example.org,66 4455-6185,Pimenta de Aragão,Minas Gerais
601,Rafael Monteiro,freitasgustavo@example.org,+55 89 0021-5632,Correia,Santa Catarina
602,Sr. Benjamim da Luz,camargocalebe@example.com,+55 37 4596-4229,Campos de Cardoso,Mato Grosso
603,Noah Porto,hrios@example.net,0500 397 7457,Borges,Goiás
604,Bryan Fogaça,noahsales@example.org,+55 37 7030-3763,Caldeira de Fernandes,Distrito Federal
605,Vitória Moraes,ana-livia72@example.net,+55 47 2356-7983,Correia de Minas,Goiás
606,Eloah Rodrigues,gustavo27@example.org,+55 48 3072-4078,Fogaça de da Luz,Amazonas
607,Antonella Fogaça,jcunha@example.com,94 6850-7451,Rezende,Minas Gerais
608,Sra. Evelyn da Rocha,isiscavalcanti@example.net,14 8978-6103,Câmara,Amazonas
609,Arthur Miguel Oliveira,rhavi18@example.org,14 3966-6134,Costela de Cavalcante,Sergipe
610,Luiz Felipe Porto,alicia01@example.org,94 9743-2512,Farias,Paraíba
611,Anthony Gabriel Rios,vlima@example.org,+55 74 4120-9579,Mendonça,Espírito Santo
612,Brenda Aparecida,nunesamanda@example.org,0300 822 1145,Mendonça de Sousa,Mato Grosso do Sul
613,Jade Ribeiro,xda-cunha@example.com,+55 14 5458-9714,Casa Grande,Pará
614,Diego Fogaça,palves@example.net,71 5313-6148,Moura de Cavalcanti,Goiás
615,Marcela Farias,apastor@example.com,27 3098-5916,Nunes de Vieira,Sergipe
616,Dr. Daniel Albuquerque,jrodrigues@example.com,+55 65 8498-2474,da Rocha,Acre
617,Ana Cecília Cunha,josue07@example.com,+55 12 6500-4254,Borges,Roraima
618,Diego Siqueira,luanapacheco@example.org,18 3075-3666,da Luz,Maranhão
619,Luana Cavalcanti,urocha@example.net,+55 62 3426-8344,da Rosa,Rio de Janeiro
620,Nicole Nogueira,fernandaviana@example.com,+55 44 2875-8575,Martins das Pedras,Pará
621,Ana Novais,vargaslaura@example.org,+55 62 9439-8529,Aragão das Flores,Bahia
622,Alana Martins,faragao@example.org,13 1591-4975,Campos,Santa Catarina
623,Sophia Sousa,sampaionicolas@example.net,+55 63 8723-2440,Pinto de Sales,Distrito Federal
624,Bernardo Abreu,isaquemoreira@example.org,+55 96 3170-8760,da Rosa,Minas Gerais
625,Ester da Costa,luna91@example.com,+55 64 0223-2883,Mendes de da Rocha,Maranhão
626,Beatriz Pastor,qfreitas@example.com,55 6176-6204,Campos de Nunes,Minas Gerais
627,Kevin Andrade,waparecida@example.org,84 7402-5883,Santos do Galho,Minas Gerais
628,Ana Luiza Cavalcanti,claricerezende@example.net,37 7244-6176,Pereira de Ribeiro,Ceará
629,Sofia Vasconcelos,jose-pedro59@example.net,42 9961-0023,Rios,Amazonas
630,Olívia Duarte,renancaldeira@example.org,53 6109-4101,Teixeira de Freitas,Rio Grande do Norte
631,Ana Cavalcanti,henrique76@example.org,+55 83 3477-4332,Moura do Oeste,Amapá
632,Amanda Pires,costelabernardo@example.org,+55 12 5698-1528,Correia de Costela,Rio de Janeiro
633,Sarah Fogaça,joao-guilherme17@example.com,49 1912-8411,da Conceição de Aragão,Rio Grande do Norte
634,Luísa Almeida,amandada-cunha@example.com,44 1241-8938,Guerra do Norte,Piauí
635,Srta. Olivia da Luz,andradecamila@example.com,+55 99 3502-3850,Monteiro,Amapá
636,Ana Carolina Ferreira,leaoenrico@example.net,87 2401-0783,Lopes do Amparo,Maranhão
637,Antônio Araújo,vasconcelosmatteo@example.net,51 0870-6626,Novaes Grande,Amazonas
638,Bárbara Pimenta,clarice35@example.com,+55 31 3319-0368,Albuquerque,Santa Catarina
639,Benjamin Barbosa,cardosoluna@example.org,16 0559-3429,Mendes do Campo,Rondônia
640,Breno da Cunha,mayasantos@example.net,44 3745-8438,Dias da Prata,Pernambuco
641,Benjamim Ferreira,nsantos@example.com,15 1328-3483,Freitas,Santa Catarina
642,Arthur Miguel da Costa,wrezende@example.com,+55 49 0704-4964,Araújo,Goiás
643,Maria Isis Monteiro,garciahadassa@example.com,+55 24 3362-6804,Nogueira,São Paulo
644,Sr. Lucca da Luz,benjaminfernandes@example.net,73 6018-6487,Oliveira Verde,São Paulo
645,Joana Castro,vmartins@example.org,+55 55 0441-3845,Andrade Paulista,Mato Grosso do Sul
646,José Viana,camposana-liz@example.net,32 4277-0707,Fogaça,Paraná
647,Helena Jesus,pachecoemanuel@example.com,28 1724-4472,Pires,Ceará
648,Benicio da Conceição,rezendebreno@example.org,95 7950-8304,Almeida da Praia,Piauí
649,Srta. Isabela Ferreira,barbosanatalia@example.com,+55 48 8133-5956,Ramos,Pará
650,Diego Alves,eloah56@example.net,48 7490-2504,Pastor,Acre
651,Heitor Dias,pedro69@example.org,+55 65 6113-9898,Nascimento do Campo,Pernambuco
652,Ravy Ribeiro,rdias@example.org,19 3535-3751,Macedo,Santa Catarina
653,Maria Cecília Barros,mirella15@example.net,88 9376-3928,Vasconcelos,Pará
654,Cecilia Pereira,allana55@example.org,+55 38 6682-9732,Albuquerque de Cavalcante,Amazonas
655,Julia Teixeira,gsouza@example.org,+55 19 6021-2886,Fogaça Grande,Minas Gerais
656,Dra. Isabella Silva,isaac55@example.net,+55 47 0157-6764,Sampaio de Carvalho,Santa Catarina
657,Thomas Barros,anthony-gabrielpastor@example.net,47 7657-2894,da Conceição,Maranhão
658,Manuela Aragão,uda-paz@example.com,31 2203-6849,Brito da Praia,Maranhão
659,Dante da Paz,mariah73@example.org,17 4913-4213,Alves,Rio Grande do Norte
660,Vitor Hugo Nascimento,anthony-gabrielmendonca@example.org,47 3496-7827,Camargo do Campo,Paraíba
661,Sabrina da Luz,carvalhoagatha@example.net,+55 49 5131-5285,Marques do Galho,Rondônia
662,Levi Andrade,tbrito@example.net,31 3800-3296,Rocha,Distrito Federal
663,Ravy Cassiano,ucirino@example.com,16 2318-3061,Novais de Pimenta,Distrito Federal
664,Srta. Ana Carolina Leão,gabrielly93@example.net,42 7824-3477,Peixoto da Praia,Piauí
665,Laís Brito,henry-gabrielsa@example.com,67 7536-1275,Ferreira,Roraima
666,Carolina Vasconcelos,mmendonca@example.com,+55 93 0448-3608,da Luz Alegre,Pará
667,Melina Lima,dda-luz@example.com,89 3504-7639,Nascimento,Distrito Federal
668,Brenda Pimenta,jose-pedro98@example.org,+55 16 6155-8108,Fonseca,Piauí
669,Emanuel Nascimento,osilva@example.com,+55 68 5563-8300,Sá,Pernambuco
670,Theodoro Gonçalves,kaparecida@example.com,22 0330-4166,Sousa,Goiás
671,Breno Barbosa,aalmeida@example.net,+55 65 1963-9456,da Rosa,Goiás
672,Gabriela Brito,maria-julia64@example.com,+55 43 3684-7488,Garcia,Acre
673,Maria Júlia Freitas,machadopietro@example.net,+55 17 6375-7914,Casa Grande de Minas,Amazonas
674,Eloá Costela,ppastor@example.org,+55 63 6978-9307,Jesus da Mata,Santa Catarina
675,Sr. Arthur Miguel Duarte,rabreu@example.net,+55 85 8787-5357,Moraes de Novais,Santa Catarina
676,Srta. Bella Lima,garciajose-miguel@example.org,+55 68 8123-7106,Cavalcante de Pires,Sergipe
677,Raquel Carvalho,aguerra@example.com,+55 51 6448-5959,Casa Grande,Maranhão
678,Gabrielly Pimenta,rafaela94@example.com,83 3522-8705,Cavalcanti Grande,Paraná
679,André das Neves,murilosales@example.org,0900 751 0979,Azevedo,Mato Grosso do Sul
680,Heloisa Ferreira,correiayan@example.com,69 9459-6488,Barbosa,Rio de Janeiro
681,Cauã Siqueira,alanacavalcanti@example.com,+55 46 2896-5999,Sousa do Amparo,Distrito Federal
682,Alexandre Viana,pedroborges@example.net,+55 64 2270-5102,Lima de Rios,Paraná
683,Dr. Theodoro Teixeira,da-costaisabel@example.com,53 7548-5819,Cavalcante,Rio Grande do Sul
684,Diego Lopes,smendonca@example.com,+55 51 8652-0575,Cunha da Prata,Distrito Federal
685,Maria Fernanda Cavalcanti,costaluisa@example.com,0300 309 4515,Montenegro do Sul,Rio Grande do Norte
686,Arthur Gabriel Ramos,maria-luiza60@example.net,+55 97 4090-7977,Melo,Santa Catarina
687,Ísis Caldeira,freitasbenjamin@example.net,+55 66 2216-1070,Brito da Prata,Goiás
688,Antony Farias,lucca95@example.net,+55 14 6601-3824,Cavalcanti,Paraíba
689,João Guilherme Pereira,mirellajesus@example.org,+55 11 4485-1579,Nunes,Paraíba
690,Danilo Borges,erickcirino@example.com,+55 16 2035-7134,Souza,São Paulo
691,Srta. Luana Aragão,ssantos@example.org,15 2956-3343,da Rocha,Goiás
692,Sra. Julia Borges,lfogaca@example.com,42 8720-9628,Sampaio,Pará
693,Dr. Gustavo Henrique Fernandes,fernando83@example.com,+55 87 7401-8272,Pastor de Duarte,Mato Grosso do Sul
694,Maria Flor Ribeiro,duartegustavo-henrique@example.net,44 0267-5512,das Neves da Serra,Paraíba
695,Ester Sá,macedomaria-alice@example.net,73 6734-5957,da Rosa do Norte,Espírito Santo
696,Bianca Leão,rvasconcelos@example.net,62 9028-2498,Nunes,São Paulo
697,Davi Lucca Ribeiro,caue14@example.org,41 7627-0232,das Neves de Minas,Ceará
698,Gustavo Lopes,silveirasamuel@example.org,48 0725-1786,Melo,Rondônia
699,Nicole Santos,gaelgomes@example.org,31 2654-6968,Ferreira,Paraná
700,Amanda Câmara,ravyfreitas@example.com,38 8099-6132,Correia de Aparecida,Distrito Federal
701,Pedro Henrique Borges,hadassa26@example.org,16 4670-4622,Rodrigues do Galho,Tocantins
702,Ravi Lucca Barros,guilherme60@example.org,31 2986-7076,Vargas do Norte,Maranhão
703,Joana Sousa,pereiramanuella@example.net,48 7585-1268,Rocha de Minas,Bahia
704,Lucca Santos,miguel89@example.net,81 6074-0177,Aragão da Praia,Goiás
705,Maitê Rocha,benicio84@example.org,19 5607-5409,Fogaça,Santa Catarina
706,Vitor Sousa,lda-cruz@example.org,0800 122 7645,Sales de Pinto,Espírito Santo
707,Dra. Natália Aparecida,duarteesther@example.org,+55 64 9168-1546,Almeida da Serra,Santa Catarina
708,Bruno Lopes,vieiramatheus@example.net,+55 99 4988-3059,Cunha de Teixeira,Pará
709,Francisco da Mota,pereiraisabelly@example.org,16 4063-0624,Martins Alegre,Amazonas
710,Henry Gabriel Almeida,pedro-miguel19@example.com,82 9695-8678,Fernandes,Mato Grosso
711,Dr. Pedro Miguel Cassiano,fsouza@example.org,0800 264 6091,Novais de Ferreira,Amapá
712,Vinícius Freitas,ana57@example.net,84 0299-2959,Leão do Sul,São Paulo
713,Samuel da Costa,inascimento@example.com,+55 53 1633-1942,Vargas,São Paulo
714,Sra. Maria Luísa Fogaça,larissapeixoto@example.com,31 5158-8863,Monteiro dos Dourados,Maranhão
715,Eduarda Cavalcanti,ada-paz@example.net,35 7216-9666,Porto,Acre
716,Heloisa Carvalho,peixotojulia@example.org,33 9329-7150,Novaes do Galho,Distrito Federal
717,Raul Freitas,luiz-fernandomelo@example.net,+55 83 5241-0397,da Cruz de Rodrigues,Rio Grande do Norte
718,Isabella Vieira,maria-eduardamontenegro@example.net,+55 48 9523-7100,Moreira do Amparo,Minas Gerais
719,Oliver da Luz,silvasophie@example.net,+55 17 7704-6056,Lima de Viana,Amazonas
720,Diogo da Luz,silveiralucca@example.com,65 5237-3415,Marques,Roraima
721,Isabelly Sá,caroline47@example.com,79 4949-0228,Alves de Goiás,Mato Grosso do Sul
722,Maria Cecília Silva,ana-liz29@example.net,24 7742-2294,da Cunha de Goiás,Acre
723,Kevin Casa Grande,da-luzemanuella@example.net,96 8679-2529,Moreira da Praia,Minas Gerais
724,Eloá Moura,ecavalcanti@example.com,+55 14 1534-3324,Rezende,Distrito Federal
725,Dr. Raul Nunes,souzasabrina@example.org,+55 83 5061-5814,Araújo,Paraíba
726,Stephany da Cruz,theosousa@example.org,+55 95 3720-9484,Souza,Distrito Federal
727,Srta. Caroline Moreira,davi33@example.org,87 7180-5137,Macedo,Amapá
728,Fernanda Brito,mariahda-rosa@example.net,+55 13 9617-3997,da Cunha,São Paulo
729,Júlia Monteiro,bellamontenegro@example.com,97 4448-3548,Pires dos Dourados,Amazonas
730,Ryan Abreu,nicole77@example.org,+55 74 1641-7582,Vasconcelos,Amazonas
731,Heitor das Neves,antonella87@example.org,21 9392-5236,Castro,Rio Grande do Norte
732,Eduarda Duarte,mrezende@example.com,12 3474-5245,Souza Alegre,Paraíba
733,Otávio Nunes,ateixeira@example.org,63 0652-7403,Ribeiro,Roraima
734,Juan Freitas,duarteleticia@example.com,33 8833-9874,Barbosa,Espírito Santo
735,Luan Silveira,lsilveira@example.com,+55 24 6734-9960,Araújo,Rio Grande do Sul
736,Dr. Vitor Gabriel Freitas,hda-paz@example.com,+55 61 1562-2949,Novais,Amapá
737,Isabelly Duarte,sofia40@example.org,+55 34 5573-2573,Fonseca de Farias,Distrito Federal
738,Joana da Cunha,carvalhoisaque@example.net,65 6670-8085,Nunes,Pará
739,Thiago Duarte,kda-paz@example.com,+55 34 1918-1828,Oliveira,Paraíba
740,Esther Sá,vargaslorena@example.com,84 7251-2957,Almeida das Flores,Rio de Janeiro
741,André Pinto,aalmeida@example.org,32 6243-9587,Vargas,Tocantins
742,Maria Silva,marcos-viniciusvargas@example.org,+55 84 4210-8902,Azevedo Alegre,Mato Grosso
743,Gustavo Henrique Costa,luan64@example.org,+55 87 5027-1607,Garcia,Alagoas
744,Maysa Guerra,noahvargas@example.com,+55 53 1289-8123,Mendonça,Santa Catarina
745,Maria Alice Souza,kamilly33@example.org,95 5748-1700,Leão das Flores,Amazonas
746,Dr. Leonardo Azevedo,trezende@example.org,+55 41 6704-5023,Nunes,Acre
747,Valentim Cassiano,maria-isisteixeira@example.org,+55 32 9345-9626,Cavalcanti,Pernambuco
748,Fernando Fonseca,vianaluan@example.org,93 3465-4950,Farias,Acre
749,Ana Beatriz Sousa,joanaaparecida@example.net,49 9822-1053,Leão,Amapá
750,Renan Martins,cnascimento@example.org,+55 11 4774-2585,Mendes,Paraná
751,Dra. Fernanda Cardoso,oliviacardoso@example.org,+55 89 1164-9133,Cirino da Mata,Mato Grosso
752,Sra. Stephany Moreira,joao56@example.com,+55 64 9060-3202,Vieira,Espírito Santo
753,Miguel Duarte,oliveiramaria-luisa@example.com,41 3967-3794,Campos de Souza,Goiás
754,Sophie Fernandes,marcelo45@example.com,81 1584-1560,Brito,Espírito Santo
755,Brenda Campos,jose54@example.com,73 8182-6832,Vasconcelos,Acre
756,Luiz Gustavo Moura,sofiamoura@example.org,0800 583 8252,Rodrigues,Ceará
757,Heloisa Sá,valentinapimenta@example.com,+55 83 4064-6867,Duarte de Carvalho,Santa Catarina
758,Alexandre Barbosa,ana-livia39@example.net,+55 34 0622-7236,Ramos,Pará
759,Evelyn da Cruz,diego34@example.org,62 1923-7245,Porto,Amazonas
760,Luana Moura,vargasmaria-julia@example.org,74 4189-7215,Aparecida das Flores,Tocantins
761,Daniel Pires,llima@example.org,89 4381-1995,Rios,Paraná
762,Sra. Mariah Araújo,vargasalana@example.net,14 4856-4510,Silva,Sergipe
763,Isabelly Pacheco,lcamara@example.com,12 1789-9698,Aparecida do Campo,Rio de Janeiro
764,Beatriz Oliveira,camposrhavi@example.com,67 6057-7980,Pires das Pedras,Rondônia
765,Henrique Nunes,beniciopires@example.com,+55 45 4607-4555,da Mota,Paraíba
766,Luan Marques,lorenzo38@example.net,32 6527-1559,Dias,Tocantins
767,Carlos Eduardo Silveira,portojade@example.com,93 2634-7557,Sá da Serra,Ceará
768,Sr. Daniel Correia,natalia84@example.net,0900 269 1311,da Luz Grande,Roraima
769,Dr. Miguel Carvalho,vcaldeira@example.com,+55 41 5370-3824,Monteiro,Espírito Santo
770,Srta. Isabelly Câmara,zramos@example.org,+55 64 0430-9776,Jesus,Ceará
771,Maria Liz Pires,qsouza@example.net,46 4655-3585,Sales,Bahia
772,Sr. Vitor Gabriel Pacheco,gaelviana@example.net,86 8519-3583,da Mata de Oliveira,Tocantins
773,Raul Pinto,lmonteiro@example.com,+55 33 2087-8057,Azevedo,Rondônia
774,Sr. João Guilherme Nunes,benjamin97@example.com,+55 61 6374-8453,Casa Grande da Prata,Rondônia
775,Luara Abreu,silvaelisa@example.net,+55 51 1918-6233,Cirino,Acre
776,Sabrina Siqueira,fariasfelipe@example.org,63 9666-7252,das Neves,Mato Grosso do Sul
777,Pedro da Cunha,lborges@example.com,62 3351-5718,Almeida do Norte,Piauí
778,Marcelo Brito,alexandremoura@example.org,+55 12 5640-9951,Correia,Rio Grande do Sul
779,Sara Cirino,catarinabrito@example.net,+55 66 9592-7282,Alves de Pinto,Alagoas
780,Bárbara das Neves,henrique52@example.net,98 2173-9295,Ribeiro de Novaes,Tocantins
781,Melissa Camargo,fernandesthales@example.com,+55 63 3736-0507,Moreira,Amapá
782,Luna Moura,isa@example.net,+55 83 4527-3466,Garcia de Minas,Paraná
783,Samuel Caldeira,maria-sophia96@example.com,93 4080-3149,Ramos,Mato Grosso
784,Srta. Yasmin Alves,da-rosahelena@example.org,43 8068-8285,Cunha,Amazonas
785,Ester Câmara,diogo37@example.org,+55 14 0631-4035,Gomes,Tocantins
786,Marcelo Guerra,cassianojoao-miguel@example.net,+55 96 9469-4346,Leão,Tocantins
787,Maria Flor da Mota,mariahda-cunha@example.net,+55 13 6072-3111,Vieira,Paraná
788,Fernando Nascimento,lucas-gabriel46@example.com,0900 449 4116,Borges,Piauí
789,Gabriela Cardoso,melomaria-luiza@example.org,+55 48 3062-1136,Macedo Grande,Paraíba
790,Ana Cecília Ribeiro,ottosilveira@example.com,+55 24 9025-4257,Ramos,Alagoas
791,Maria Helena Cassiano,mirella13@example.org,+55 81 5707-1398,Novais da Serra,Bahia
792,Luiza Araújo,rodriguesdavi-lucca@example.com,98 8092-5502,Rodrigues,Espírito Santo
793,Mateus Abreu,gomesisaque@example.org,+55 21 9810-7964,Machado de Goiás,Rondônia
794,Isis Ferreira,jmendes@example.com,0900 532 4264,Freitas,Santa Catarina
795,Pedro da Rosa,bryanmarques@example.com,+55 91 6253-6667,Macedo de Gomes,Paraíba
796,Dr. Luan Rios,ucarvalho@example.net,+55 84 3339-3957,Freitas da Mata,Distrito Federal
797,Cecília Melo,nogueiramarcela@example.com,65 0335-8268,Cirino dos Dourados,Acre
798,Srta. Maria Isis Nunes,yagosouza@example.net,+55 66 6932-6573,Teixeira,Paraná
799,Sr. Calebe Viana,barrosasafe@example.org,+55 28 5155-3234,Fonseca,Rio Grande do Norte
800,Dr. Renan Fernandes,amandada-rosa@example.org,+55 67 2261-8962,Sampaio de da Mota,Roraima
801,Danilo Ribeiro,liviabrito@example.org,+55 61 6767-2095,Pacheco de Oliveira,Ceará
802,Alícia Mendonça,camila15@example.org,+55 74 2946-2135,Silva de Minas,Mato Grosso do Sul
803,Sabrina Almeida,xcavalcante@example.com,+55 81 8480-7520,Sampaio,Maranhão
804,Pietro Lopes,bruno47@example.net,+55 38 5802-9090,Garcia do Oeste,Paraná
805,Maria Julia Andrade,fernanda55@example.net,68 6525-4837,da Mata de Minas,Paraíba
806,Antonella Rios,nicole10@example.org,+55 47 3125-1293,Barbosa,Acre
807,Srta. Manuela Pinto,cassianomaria-clara@example.net,34 1910-2312,Silva,Amapá
808,Pedro Vieira,ottoaragao@example.net,+55 38 6583-7379,Melo,Maranhão
809,Dra. Ana Liz Macedo,nataliaabreu@example.org,+55 74 3428-9311,Cirino,Mato Grosso
810,Enrico Gonçalves,julia84@example.org,69 4538-0442,Araújo,Amapá
811,Manuella Siqueira,pintolorena@example.org,77 0159-5919,Siqueira Alegre,Paraíba
812,Dr. Léo Monteiro,mariana58@example.net,+55 79 3920-5677,Vieira das Flores,Paraíba
813,Milena Cassiano,helenaleao@example.org,+55 62 5626-5062,Pastor,Ceará
814,Calebe Almeida,jmelo@example.com,37 3076-2484,Correia,Paraná
815,Sara Lopes,fcastro@example.net,+55 32 5115-7942,Moreira,Paraná
816,Oliver Mendonça,das-nevesliam@example.com,27 9691-9284,Silveira da Praia,Sergipe
817,Srta. Maria Eduarda Nunes,bazevedo@example.com,47 6335-3574,Oliveira Alegre,Roraima
818,Davi Lucas Duarte,renanda-cruz@example.com,85 0581-6295,Moura,Paraná
819,Juliana Azevedo,xgomes@example.org,14 2507-3305,Pinto do Amparo,Piauí
820,João Gabriel Dias,mdias@example.net,+55 83 3991-4038,da Cruz das Flores,Pará
821,Srta. Letícia da Luz,joao-pedroda-rocha@example.org,+55 18 6157-2768,Peixoto,Paraíba
822,Sr. João Guilherme Marques,miguel97@example.com,+55 68 9250-1058,Freitas de Casa Grande,Mato Grosso
823,Sra. Amanda Pires,uramos@example.com,+55 74 5904-5990,Silveira,Roraima
824,Srta. Sara Azevedo,carvalhokevin@example.org,99 2315-5516,Sá de Minas,Paraná
825,Ísis Araújo,yramos@example.com,+55 66 8137-2143,Araújo,Rio Grande do Sul
826,Amanda Aragão,maria-luizaaparecida@example.org,+55 88 3228-5566,Moraes,São Paulo
827,Thales Alves,enovaes@example.org,+55 83 9033-9705,Pacheco,Mato Grosso do Sul
828,Eloah Gonçalves,kevinnascimento@example.org,16 4858-6239,Farias do Oeste,Mato Grosso
829,Matteo Campos,marcela07@example.net,97 6321-0613,Teixeira,Rio de Janeiro
830,Dra. Letícia Sales,ana-juliafonseca@example.com,+55 28 3943-8040,Cirino,Mato Grosso
831,Theo Silveira,usilveira@example.com,55 9277-8943,Pimenta,Amazonas
832,Arthur Pinto,albuquerqueyan@example.org,22 7692-1053,Lima,Santa Catarina
833,Sr. João Lucas Leão,da-rosabernardo@example.org,22 2473-1072,Camargo,Amapá
834,Srta. Mirella Pacheco,vitor-hugo09@example.com,+55 33 2316-6007,Martins das Pedras,Ceará
835,Augusto Ribeiro,vargasalana@example.net,16 7340-4337,Rezende,Alagoas
836,Maya Novais,ovieira@example.net,+55 27 4519-5778,Freitas,Rondônia
837,Sr. Lorenzo Sousa,joana29@example.com,48 7542-7865,Borges Paulista,Bahia
838,Dr. Ravi Lucca Machado,bryanfernandes@example.net,+55 64 9582-9236,Leão,Amazonas
839,Ísis Aparecida,oliveiraanthony@example.com,+55 69 3571-5586,Câmara Verde,Mato Grosso do Sul
840,Sra. Bianca Câmara,scassiano@example.org,+55 11 8172-1436,Costela da Prata,Rio Grande do Sul
841,Gabriel Alves,alvesana-carolina@example.org,+55 85 2114-7165,Albuquerque da Mata,Mato Grosso
842,Maria Fernanda Costela,liz99@example.com,+55 22 7075-5047,Sá da Prata,São Paulo
843,Otávio Sales,mariane06@example.org,89 1748-1131,Garcia de Souza,Mato Grosso
844,Ravy Andrade,ana-luiza87@example.org,65 1029-0871,Martins,Goiás
845,Dra. Maria Julia Nascimento,da-cunhaisaac@example.net,98 7274-2049,Lima do Campo,Rondônia
846,Breno Costa,pmendonca@example.org,54 2604-2359,da Conceição de Silva,Paraíba
847,Srta. Beatriz Cavalcante,joaosousa@example.net,+55 17 7756-0858,Leão,Paraná
848,João Lucas Lopes,eazevedo@example.org,11 5768-3210,Borges,Rio de Janeiro
849,Gael Henrique Machado,vinicius71@example.net,+55 77 9618-0332,Carvalho das Flores,Acre
850,Sr. Thomas Viana,camargosabrina@example.net,12 9804-2537,Correia,Rondônia
851,Pietra Mendes,gael-henriquecavalcanti@example.com,+55 35 2282-1781,da Cruz,Rio Grande do Sul
852,Maria Cecília Câmara,joana06@example.org,32 6035-6793,Mendes,Rio Grande do Norte
853,Maria Luísa Ramos,rodrigopeixoto@example.net,17 7169-0618,Santos,São Paulo
854,Asafe Freitas,isabel47@example.net,38 4895-4787,Sá Verde,Roraima
855,Cecilia Melo,fernando75@example.net,98 9144-4498,Dias,Mato Grosso
856,Gabriel Ferreira,matheus58@example.net,65 4496-3924,Rodrigues,Rondônia
857,Dr. Gustavo Martins,isaacsilveira@example.net,18 3395-2753,Mendes Paulista,Rio de Janeiro
858,Zoe Fernandes,thomaspereira@example.org,+55 97 1686-0134,Marques de Novaes,Rio de Janeiro
859,Thomas Nunes,rcosta@example.org,69 7917-6651,Cirino,Amazonas
860,Sr. Asafe Azevedo,henrique88@example.com,+55 54 1630-9001,Pinto Paulista,Maranhão
861,Isabella da Conceição,vitornovaes@example.com,+55 93 2089-5326,Nogueira,Rio Grande do Norte
862,Enrico Borges,maria-vitoria11@example.org,64 3379-2234,Abreu,Espírito Santo
863,Lorena Lopes,nmachado@example.org,+55 45 1677-2696,Nogueira,São Paulo
864,Gustavo Rocha,ylopes@example.net,38 5078-9679,Freitas,Bahia
865,Srta. Maria Flor Cavalcante,ncostela@example.com,43 6434-3697,Rodrigues,Rio de Janeiro
866,Benício Machado,gomescatarina@example.com,51 0767-6164,da Conceição Paulista,Mato Grosso do Sul
867,Rhavi Castro,pedro-lucaspacheco@example.net,98 9830-6503,Santos,Ceará
868,Yuri Aragão,emanuel84@example.com,+55 65 4264-2364,Moreira,Amapá
869,Caleb Pinto,oliveiraluiz-gustavo@example.com,85 6230-3911,da Mata,Tocantins
870,Vitor Campos,wnovaes@example.com,+55 74 2823-0524,Montenegro,Pernambuco
871,Matteo Carvalho,calebemelo@example.org,+55 55 3959-4737,Santos,Amazonas
872,Srta. Elisa Porto,azevedogabriela@example.org,+55 11 4787-6886,Ramos de Moreira,Mato Grosso do Sul
873,Maria Luiza Sá,sabrina62@example.net,93 2031-9541,Garcia das Flores,Maranhão
874,Sr. Levi Mendonça,arthur-gabrielcunha@example.com,+55 64 7924-6320,Macedo,Goiás
875,Maria Liz Martins,nfreitas@example.com,+55 55 6032-1450,Martins das Flores,Rio Grande do Sul
876,Ana Vitória Peixoto,daniela88@example.com,+55 22 7155-3482,Brito,Bahia
877,Dra. Júlia Araújo,moraespedro-henrique@example.net,99 5076-5975,da Paz da Praia,Alagoas
878,Camila Macedo,wlopes@example.net,+55 21 8981-2657,Casa Grande Grande,São Paulo
879,Caleb Pimenta,zda-mota@example.org,+55 22 0402-3693,Cassiano das Pedras,Piauí
880,Jade Costela,azevedoluan@example.org,11 7137-2711,Fernandes de Pimenta,Santa Catarina
881,Dr. José Pedro Oliveira,beatriz82@example.net,99 4933-0674,Moraes da Mata,Paraná
882,Sra. Ana Júlia Pastor,theo12@example.net,+55 89 3372-1885,Souza das Flores,Pará
883,Luísa da Rosa,da-cruzluan@example.net,88 1506-6626,Alves de Farias,Mato Grosso do Sul
884,Leandro da Costa,zmendonca@example.net,+55 86 6634-3925,Peixoto,Mato Grosso
885,Maria Flor Barros,barrosenzo@example.net,+55 13 2867-1200,Cavalcanti de Andrade,Bahia
886,Luiz Otávio Rocha,erick02@example.com,34 1091-0903,Gonçalves,Tocantins
887,Bianca da Mata,sara19@example.com,+55 62 1794-2817,Sales,Maranhão
888,Matteo Fernandes,maria-juliamachado@example.com,96 4466-3453,Martins,Bahia
889,Srta. Ana Carolina Barros,pastorisaac@example.org,+55 47 7221-4559,Silva,Paraná
890,Maria Luísa Campos,otto70@example.com,+55 67 6351-0046,Monteiro,Paraíba
891,Maria Laura Viana,manuella25@example.net,68 5920-2461,Farias de Casa Grande,Alagoas
892,Isaque Moraes,mda-mota@example.net,+55 75 6005-5955,Caldeira,Paraná
893,Gabriela Cunha,brendarodrigues@example.net,95 4868-9993,Vargas do Norte,Paraíba
894,Dra. Lavínia Nascimento,saparecida@example.com,+55 15 6917-6799,Dias,Tocantins
895,Heloisa Machado,ana-clara03@example.net,+55 98 6408-3037,Gonçalves,Acre
896,Ana Julia Barbosa,stella86@example.org,94 4907-9388,Vasconcelos do Campo,Espírito Santo
897,Luísa Cavalcanti,arthurrodrigues@example.com,+55 38 5370-1242,Rios Paulista,Pará
898,Paulo Costela,eloabrito@example.com,27 8811-2103,Vasconcelos,São Paulo
899,Felipe Camargo,hfernandes@example.net,0800 781 7941,Viana de Minas,Mato Grosso do Sul
900,Mathias Correia,arthur-miguel91@example.org,+55 68 2528-8375,Fernandes,Minas Gerais
901,Bella Moraes,kcunha@example.org,88 9137-8765,Costa do Norte,Alagoas
902,Esther Abreu,arthur-gabriel55@example.com,+55 12 5712-1988,Pastor,Bahia
903,Sabrina Novaes,isaque90@example.net,31 3486-4010,Rios Grande,Roraima
904,Mateus Cassiano,carolina61@example.net,46 1744-6004,Cirino de Minas,Bahia
905,Beatriz Fonseca,britovinicius@example.com,31 1293-9130,das Neves da Prata,São Paulo
906,Anna Liz Silva,ana-cecilia16@example.org,27 6154-0211,Caldeira,Paraná
907,Ravy Fonseca,gnogueira@example.com,+55 67 9831-5229,Pires,Sergipe
908,Ravy Cunha,luccasousa@example.net,96 3608-4937,Araújo,Pará
909,Mathias Correia,catarina26@example.net,65 9443-9164,Abreu de Camargo,Minas Gerais
910,Esther Souza,jose-miguel92@example.net,+55 51 3203-3016,Cunha,Goiás
911,Alexandre Rezende,henrysampaio@example.org,65 1537-2215,Jesus das Flores,Rondônia
912,Kamilly Macedo,joao-vitorcostela@example.com,43 3377-4604,Lopes,Paraíba
913,Bento Viana,souzamaria-cecilia@example.net,18 3614-2442,Vargas do Sul,Paraná
914,Ana Luiza Pastor,tferreira@example.net,+55 89 7347-6427,Macedo,Bahia
915,Isaac Ramos,ogomes@example.net,96 2145-8414,Souza das Flores,Acre
916,Cauê da Costa,thiago38@example.net,0500 278 0205,Nunes Alegre,Acre
917,Evelyn Cirino,siqueiraana-laura@example.net,68 4493-6999,Brito das Flores,Paraná
918,Fernanda da Cruz,caleb55@example.com,+55 94 8573-6801,Nunes,Bahia
919,Noah Aparecida,maria-helenajesus@example.net,+55 35 1872-3335,Andrade,Goiás
920,Nicolas Campos,manuella31@example.com,+55 93 9114-9830,Sales de da Mota,Piauí
921,André Mendonça,julianafarias@example.org,+55 42 8939-4065,Sá dos Dourados,Piauí
922,Srta. Amanda Sousa,piresasafe@example.net,14 3223-0233,Cardoso,Maranhão
923,Ana Liz Ribeiro,ncamara@example.org,+55 19 1354-6212,Garcia de Abreu,Ceará
924,Sr. Vitor Cavalcanti,fcaldeira@example.org,+55 86 1261-6324,Machado da Serra,Tocantins
925,Yasmin Ribeiro,manuelalima@example.org,75 4549-3036,Garcia da Prata,Paraíba
926,Danilo Vieira,caueda-conceicao@example.net,0800 187 6920,Nascimento,Espírito Santo
927,Isaque Aragão,da-costastephany@example.net,+55 41 5881-4458,Cavalcanti,Alagoas
928,Rebeca Costela,pedro-lucassampaio@example.net,+55 42 8297-1681,Marques da Serra,Rondônia
929,Lucca Alves,teixeiraantonio@example.org,+55 17 0152-9113,Brito de Macedo,Sergipe
930,Maria Fernanda Araújo,silveirakaique@example.com,28 6184-4421,Peixoto,Rondônia
931,Ágatha Mendes,mariane81@example.org,+55 73 4890-5670,Martins do Sul,Alagoas
932,Ana Julia Abreu,samuel65@example.net,38 1584-8266,da Costa,Pará
933,João Felipe Moraes,aurorafreitas@example.net,+55 27 5429-6080,Aragão de Jesus,Distrito Federal
934,Noah Pereira,wpinto@example.org,0300 221 0401,da Cunha do Galho,Amazonas
935,Vitória Sousa,da-luzvalentim@example.net,+55 74 8773-8363,Guerra,Goiás
936,Eduardo Rocha,casa-grandeisabelly@example.net,19 2894-6420,Leão,São Paulo
937,Srta. Maria Eduarda Silveira,gcunha@example.com,+55 97 1706-4625,Sá da Mata,Alagoas
938,Nathan Viana,emillyfernandes@example.net,+55 77 4301-7646,da Rocha do Galho,Rio de Janeiro
939,Sofia Almeida,henriquefreitas@example.org,94 8245-2790,Andrade da Mata,Rondônia
940,Ana Laura da Rocha,nicolascunha@example.org,43 3849-5163,Caldeira,Amapá
941,Rafael Moura,ysilveira@example.org,+55 27 9339-1373,Guerra,Rio Grande do Sul
942,Sr. Asafe Jesus,silveiraeduardo@example.org,95 7561-7868,Albuquerque,Ceará
943,Apollo Alves,fariaskamilly@example.org,+55 54 9803-6577,Siqueira da Mata,Tocantins
944,Bárbara Silveira,nabreu@example.net,+55 86 6595-2014,Campos,Pernambuco
945,Laura Caldeira,rael36@example.net,87 5092-6322,Pereira,Rio Grande do Norte
946,Clara Barbosa,marcelada-mota@example.com,37 6114-0428,Souza do Norte,Tocantins
947,Sr. Lucca da Costa,bgoncalves@example.com,+55 24 8112-6003,Moreira,Distrito Federal
948,Dr. Miguel Pereira,teixeirabenjamim@example.com,+55 66 7153-1234,Fogaça do Norte,Tocantins
949,Sophia Novaes,luizaoliveira@example.org,89 7682-9384,Souza do Norte,Amazonas
950,Kevin Novaes,vieirasarah@example.com,+55 81 5437-8826,Cunha,Espírito Santo
951,Maria Fernanda Pimenta,aragaogustavo@example.net,47 7090-8599,da Rocha,Maranhão
952,Emilly Almeida,lda-cunha@example.org,63 9996-9964,Borges de Moreira,Maranhão
953,Vitor Gabriel Viana,hadassa93@example.org,34 9140-8499,Cavalcanti,Distrito Federal
954,Francisco Vasconcelos,ana-beatrizvasconcelos@example.org,71 6980-6908,Cassiano de Gonçalves,Rio Grande do Sul
955,Raul Teixeira,palves@example.com,+55 73 3483-8935,Rezende de Goiás,Pernambuco
956,Antony da Paz,ferreirajoana@example.net,+55 51 2996-5082,Pastor da Praia,Piauí
957,Clara Lopes,francisco86@example.net,49 5613-0876,Rocha,Tocantins
958,Clara Vargas,sarahdias@example.net,37 1434-6823,Moraes Paulista,Rio Grande do Sul
959,Arthur Cavalcante,osa@example.org,+55 12 8696-6101,Montenegro do Oeste,Amapá
960,Gael Pimenta,benjamim01@example.com,0500 094 1491,Aragão dos Dourados,Pará
961,Vicente Costa,aramos@example.net,+55 63 0534-4077,Peixoto de da Paz,Minas Gerais
962,Benjamin Silva,ucarvalho@example.com,65 2925-0817,Gomes de Aragão,Ceará
963,Ana Lívia Vargas,augusto68@example.net,0800 413 3373,Cardoso,Mato Grosso
964,Sr. Guilherme Ferreira,dcaldeira@example.net,+55 38 7032-1192,Garcia,Amazonas
965,Otávio da Costa,joao77@example.net,41 6133-7184,da Luz Verde,Alagoas
966,Srta. Luna Aragão,isabelada-rocha@example.net,+55 24 1644-0373,Caldeira das Flores,Paraná
967,Bianca Casa Grande,ysousa@example.com,97 2210-2179,Caldeira,Rio Grande do Sul
968,José Pedro Moreira,kcavalcante@example.net,38 7973-6383,Moraes,Ceará
969,Luiza Jesus,fernandesraul@example.net,79 0798-6617,Sampaio de Araújo,Minas Gerais
970,Isabela Guerra,arthurfonseca@example.org,49 8212-2355,Borges,Minas Gerais
971,Maria Clara Albuquerque,valentina71@example.net,11 6921-8219,Duarte,Rio de Janeiro
972,Mirella Sá,novaissophie@example.net,12 3699-8480,Cardoso,Alagoas
973,Sr. Ian Ribeiro,msilveira@example.net,+55 97 8424-9598,Ramos,Amapá
974,Luiz Felipe Machado,csa@example.net,74 1523-8676,Costa de Nogueira,São Paulo
975,Ester Alves,yda-mota@example.org,+55 33 7798-7682,Montenegro do Amparo,Roraima
976,Davi Lucca Dias,marinasouza@example.org,0800 580 6235,Sampaio,Goiás
977,Luiz Miguel Sá,ugarcia@example.net,34 7900-1248,Vasconcelos,Santa Catarina
978,Dr. João Felipe da Cunha,sabrinagoncalves@example.com,55 3259-4232,Vieira das Flores,Tocantins
979,Gael Nogueira,fernandesjade@example.org,+55 99 1528-5725,Cavalcante Verde,Ceará
980,Hellena Sales,carolinemoura@example.net,47 1381-8655,Ramos,Paraná
981,Julia Gomes,arthur-gabriel95@example.com,17 4303-4918,Camargo,Paraná
982,Rafaela Cavalcante,costarebeca@example.net,35 9340-1536,Borges Alegre,Maranhão
983,Bianca Duarte,nathan13@example.net,+55 73 5936-7813,Machado Alegre,Alagoas
984,João Felipe Cassiano,da-pazerick@example.org,43 2769-8198,Novais de Araújo,Rio Grande do Norte
985,Srta. Pietra Abreu,eloah23@example.net,0300 856 2258,Leão do Norte,Mato Grosso
986,Sofia Leão,cnascimento@example.com,21 2275-8548,Siqueira Verde,Pará
987,Dr. João Pedro Cavalcanti,ana-juliapimenta@example.org,+55 41 6502-0002,Freitas de Goiás,Rio de Janeiro
988,Isabel Barbosa,joaoramos@example.org,33 5130-5570,Porto,Rio Grande do Sul
989,Emilly Rodrigues,da-pazana-julia@example.com,99 8966-9972,Sales de Câmara,Pará
990,Maysa Silveira,julia20@example.org,46 8254-3183,Santos,Piauí
991,Davi Luiz Correia,cardosomurilo@example.net,+55 63 0491-0601,Leão,Goiás
992,Eduarda Costela,bferreira@example.net,+55 69 7681-7225,Martins de Duarte,Goiás
993,Sra. Juliana Mendes,gabriellycassiano@example.net,+55 19 5291-8768,Siqueira,Amazonas
994,Ana Júlia Novaes,lunnacampos@example.net,85 2173-3739,Alves,Mato Grosso
995,Erick Cassiano,julianacavalcante@example.org,69 5914-3882,Cavalcante,Mato Grosso
996,Maria Clara Sampaio,valentinacostela@example.com,24 4617-7732,da Rocha de Goiás,Acre
997,Lívia da Luz,melina91@example.org,77 9970-2927,Castro,Alagoas
998,Sr. Ravi Lucca Teixeira,hsilveira@example.org,91 5298-8322,Rocha,São Paulo
999,Davi Luiz Vieira,isabella08@example.org,+55 73 0048-7978,Ferreira de Rodrigues,Distrito Federal
1000,Dra. Maria Fernanda Rios,leo38@example.com,+55 32 0304-4361,Camargo dos Dourados,Amapá
